date,open,high,low,close,volume,change_rate
2013-08-20,29800,29800,29750,29750,120,
2013-08-21,30500,30500,30500,30500,0,2.5210084033613445
2013-08-22,35000,35000,30150,30150,270,-1.1475409836065573
2013-08-23,30150,30150,30150,30150,10,0.0
2013-08-26,30150,30150,30150,30150,0,0.0
2013-08-27,30150,30150,30150,30150,0,0.0
2013-08-28,30150,30150,30150,30150,0,0.0
2013-08-29,30150,30150,30150,30150,0,0.0
2013-08-30,30150,30150,30150,30150,0,0.0
2013-09-02,30150,30150,30150,30150,0,0.0
2013-09-03,30000,30000,30000,30000,10,-0.4975124378109453
2013-09-04,30000,30000,30000,30000,0,0.0
2013-09-05,30000,30000,30000,30000,70,0.0
2013-09-06,29150,29950,29150,29950,40,-0.16666666666666669
2013-09-09,29950,29950,29950,29950,110,0.0
2013-09-10,29350,29350,29350,29350,10,-2.003338898163606
2013-09-11,29350,29500,28750,29500,130,0.5110732538330494
2013-09-12,29950,30450,29700,30300,370,2.711864406779661
2013-09-13,30300,30300,30300,30300,0,0.0
2013-09-16,30300,30300,29300,30300,120,0.0
2013-09-17,30200,30300,30200,30300,150,0.0
2013-09-23,30300,30300,30300,30300,310,0.0
2013-09-24,30300,30300,30300,30300,0,0.0
2013-09-25,30300,30300,30300,30300,0,0.0
2013-09-26,30300,30300,30300,30300,0,0.0
2013-09-27,30300,30300,30300,30300,850,0.0
2013-09-30,30300,31000,30300,31000,110,2.31023102310231
2013-10-01,31000,31300,31000,31300,50,0.967741935483871
2013-10-02,31300,31300,31300,31300,0,0.0
2013-10-04,31300,31300,31300,31300,0,0.0
2013-10-07,31300,31300,31300,31300,0,0.0
2013-10-08,31300,31300,31300,31300,20,0.0
2013-10-10,31000,31000,31000,31000,0,-0.9584664536741214
2013-10-11,31000,31000,31000,31000,0,0.0
2013-10-14,31000,31000,31000,31000,10,0.0
2013-10-15,30300,30300,30300,30300,10,-2.258064516129032
2013-10-16,30300,30300,30300,30300,0,0.0
2013-10-17,29600,29600,29600,29600,30,-2.31023102310231
2013-10-18,29600,29600,29600,29600,0,0.0
2013-10-21,29450,29450,29400,29400,90,-0.6756756756756757
2013-10-22,28650,28800,28650,28800,70,-2.0408163265306123
2013-10-23,28800,28850,28800,28850,80,0.1736111111111111
2013-10-24,28850,28850,28850,28850,0,0.0
2013-10-25,28850,28850,28850,28850,0,0.0
2013-10-28,28650,28650,28600,28600,60,-0.8665511265164645
2013-10-29,29000,29000,29000,29000,800,1.3986013986013985
2013-10-30,29050,29050,29050,29050,10,0.1724137931034483
2013-10-31,29050,29050,29050,29050,0,0.0
2013-11-01,28750,28900,28750,28900,190,-0.5163511187607573
2013-11-04,28500,28500,28000,28050,270,-2.941176470588235
2013-11-05,28050,28050,28050,28050,0,0.0
2013-11-06,28000,28000,28000,28000,70,-0.17825311942959002
2013-11-07,28000,28000,28000,28000,0,0.0
2013-11-08,27550,27550,27550,27550,20,-1.607142857142857
2013-11-11,27550,27550,27550,27550,0,0.0
2013-11-12,27600,27600,27600,27600,0,0.18148820326678766
2013-11-13,27750,27750,27750,27750,0,0.5434782608695652
2013-11-14,27800,27800,27800,27800,0,0.18018018018018017
2013-11-15,27800,27800,27800,27800,0,0.0
2013-11-18,27800,27800,27800,27800,0,0.0
2013-11-19,27800,27800,27800,27800,0,0.0
2013-11-20,27900,27900,27900,27900,50,0.3597122302158274
2013-11-21,28200,28200,27500,27500,180,-1.4336917562724014
2013-11-22,27800,27800,27800,27800,0,1.090909090909091
2013-11-25,27800,27800,27800,27800,0,0.0
2013-11-26,27800,27800,27800,27800,0,0.0
2013-11-27,27800,27800,27800,27800,0,0.0
2013-11-28,27500,27500,27500,27500,30,-1.079136690647482
2013-11-29,28450,28450,28450,28450,40,3.4545454545454546
2013-12-02,28000,28500,28000,28500,80,0.17574692442882248
2013-12-03,27800,28000,27800,28000,20,-1.7543859649122806
2013-12-04,28800,28800,28800,28800,30,2.857142857142857
2013-12-05,28800,29000,28800,28900,160,0.3472222222222222
2013-12-06,28900,28950,28900,28950,50,0.17301038062283738
2013-12-09,29000,29000,29000,29000,10,0.17271157167530224
2013-12-10,29000,29000,29000,29000,0,0.0
2013-12-11,29000,29000,29000,29000,0,0.0
2013-12-12,29050,29050,29050,29050,10,0.1724137931034483
2013-12-13,29050,29050,29050,29050,0,0.0
2013-12-16,29050,29050,29050,29050,0,0.0
2013-12-17,29050,29050,29050,29050,0,0.0
2013-12-18,29050,29050,29050,29050,0,0.0
2013-12-19,29100,29100,29000,29000,290,-0.17211703958691912
2013-12-20,29000,29000,29000,29000,150,0.0
2013-12-23,28000,28050,28000,28050,20,-3.2758620689655173
2013-12-24,28050,28050,28050,28050,0,0.0
2013-12-26,28050,28050,28050,28050,0,0.0
2013-12-27,28050,28050,28050,28050,0,0.0
2013-12-30,28050,28050,28050,28050,0,0.0
2014-01-02,27500,27500,27500,27500,50,-1.9607843137254901
2014-01-03,27500,27500,27500,27500,0,0.0
2014-01-06,27650,27650,27650,27650,0,0.5454545454545455
2014-01-07,27650,27650,27650,27650,0,0.0
2014-01-08,27600,27600,27600,27600,10,-0.18083182640144665
2014-01-09,27600,27600,27600,27600,0,0.0
2014-01-10,27600,27600,27600,27600,0,0.0
2014-01-13,27700,27700,27700,27700,0,0.36231884057971014
2014-01-14,27550,28000,27550,28000,20,1.083032490974729
2014-01-15,30500,30500,27750,28000,30,0.0
2014-01-16,27500,28050,27500,28050,20,0.17857142857142858
2014-01-17,28050,28050,28050,28050,0,0.0
2014-01-20,28050,28050,28050,28050,0,0.0
2014-01-21,28350,28350,28350,28350,70,1.06951871657754
2014-01-22,28000,28350,27650,27650,80,-2.4691358024691357
2014-01-23,27650,27650,27650,27650,0,0.0
2014-01-24,27650,27650,27650,27650,0,0.0
2014-01-27,27750,27750,27750,27750,20,0.3616636528028933
2014-01-28,27750,27750,27750,27750,0,0.0
2014-01-29,27750,27750,27750,27750,0,0.0
2014-02-03,27750,27750,27750,27750,0,0.0
2014-02-04,27750,27750,27750,27750,0,0.0
2014-02-05,27750,27750,27750,27750,0,0.0
2014-02-06,27750,27750,27750,27750,0,0.0
2014-02-07,27700,27700,27700,27700,10,-0.18018018018018017
2014-02-10,27700,27700,27700,27700,0,0.0
2014-02-11,27600,29800,27600,29800,60,7.581227436823104
2014-02-12,29800,29800,29800,29800,10,0.0
2014-02-13,27700,27700,27700,27700,40,-7.046979865771812
2014-02-14,27750,27750,27750,27750,0,0.18050541516245489
2014-02-17,27650,27650,27650,27650,20,-0.36036036036036034
2014-02-18,27700,27700,27700,27700,70,0.18083182640144665
2014-02-19,28000,28100,28000,28100,30,1.444043321299639
2014-02-20,28100,28300,28100,28300,70,0.7117437722419928
2014-02-21,28500,29300,28500,29300,80,3.53356890459364
2014-02-24,27800,32550,27800,29000,590,-1.023890784982935
2014-02-25,28900,33350,28900,31750,6458,9.482758620689655
2014-02-26,30850,30900,29700,30300,876,-4.566929133858268
2014-02-27,30250,30600,29800,29850,390,-1.4851485148514851
2014-02-28,29700,29700,29200,29200,91,-2.1775544388609713
2014-03-03,29900,29900,29500,29500,110,1.0273972602739725
2014-03-04,29450,29500,29000,29150,211,-1.1864406779661016
2014-03-05,29300,29300,28850,28850,70,-1.0291595197255576
2014-03-06,28800,29450,28800,28900,320,0.17331022530329288
2014-03-07,29250,29250,29250,29250,10,1.2110726643598615
2014-03-10,29000,29000,29000,29000,40,-0.8547008547008548
2014-03-11,29150,29150,29000,29000,201,0.0
2014-03-12,29100,29100,28900,28900,320,-0.3448275862068966
2014-03-13,28500,28500,28500,28500,62,-1.384083044982699
2014-03-14,29000,29000,28300,28300,80,-0.7017543859649122
2014-03-17,27850,27950,27800,27950,190,-1.2367491166077738
2014-03-18,27950,27950,27950,27950,30,0.0
2014-03-19,28550,28550,28200,28200,150,0.8944543828264758
2014-03-20,28200,30600,28150,28500,290,1.0638297872340425
2014-03-21,29500,29500,28700,28900,390,1.4035087719298245
2014-03-24,28500,28900,28500,28850,110,-0.17301038062283738
2014-03-25,29750,30000,29000,30000,130,3.9861351819757362
2014-03-26,29600,30100,28450,30100,340,0.33333333333333337
2014-03-27,28550,28700,28500,28500,1013,-5.3156146179401995
2014-03-28,28500,29300,28500,29300,580,2.807017543859649
2014-03-31,29800,29800,28500,29250,710,-0.17064846416382254
2014-04-01,29250,29250,29250,29250,0,0.0
2014-04-02,29250,29250,28600,28700,443,-1.8803418803418803
2014-04-03,28600,28800,28600,28700,300,0.0
2014-04-04,28700,28800,28700,28800,30,0.34843205574912894
2014-04-07,29000,29100,28750,29100,150,1.0416666666666665
2014-04-08,28950,29000,28900,29000,40,-0.3436426116838488
2014-04-09,33000,33000,28500,28550,784,-1.5517241379310345
2014-04-10,28500,28500,28200,28200,350,-1.2259194395796849
2014-04-11,28400,29150,28400,29150,51,3.368794326241135
2014-04-14,29050,29050,28250,28600,593,-1.8867924528301887
2014-04-15,28800,29800,28800,28850,30,0.8741258741258742
2014-04-16,29000,29750,29000,29300,880,1.559792027729636
2014-04-17,29300,29550,28950,29550,610,0.8532423208191127
2014-04-18,28700,30300,28700,30300,200,2.5380710659898478
2014-04-21,30000,30000,29100,29700,160,-1.9801980198019802
2014-04-22,29500,30850,29450,30000,600,1.0101010101010102
2014-04-23,30000,30750,30000,30750,280,2.5
2014-04-24,30000,30450,29000,30000,130,-2.4390243902439024
2014-04-25,29800,31000,29800,29900,240,-0.33333333333333337
2014-04-28,29200,30900,29200,30050,160,0.5016722408026756
2014-04-29,30100,30600,30100,30600,150,1.8302828618968388
2014-04-30,30600,30600,29900,30300,280,-0.9803921568627451
2014-05-02,30300,30300,30300,30300,0,0.0
2014-05-07,28700,30100,28700,29400,70,-2.9702970297029703
2014-05-08,29400,30250,29400,30250,30,2.891156462585034
2014-05-09,29450,29700,29450,29500,230,-2.479338842975207
2014-05-12,29050,29500,29050,29500,110,0.0
2014-05-13,29500,30900,29500,30900,30,4.745762711864407
2014-05-14,30650,30650,28550,29000,710,-6.148867313915858
2014-05-15,29000,29300,28850,29300,130,1.0344827586206897
2014-05-16,29400,29400,29400,29400,110,0.3412969283276451
2014-05-19,28750,28750,28350,28350,271,-3.571428571428571
2014-05-20,28600,28600,28450,28500,390,0.5291005291005291
2014-05-21,28600,29200,28500,29200,150,2.456140350877193
2014-05-22,28650,28850,27800,28100,2544,-3.767123287671233
2014-05-23,28100,28300,28000,28250,320,0.5338078291814947
2014-05-26,27800,28500,27800,28500,30,0.8849557522123894
2014-05-27,27650,28500,27400,27450,1994,-3.684210526315789
2014-05-28,28450,28450,27500,28100,270,2.3679417122040074
2014-05-29,28450,28500,26850,27100,3664,-3.558718861209965
2014-05-30,27100,27100,27100,27100,130,0.0
2014-06-02,26700,27100,26600,27100,306,0.0
2014-06-03,26750,26900,26000,26100,329,-3.6900369003690034
2014-06-05,26100,26950,26100,26950,43,3.256704980842912
2014-06-09,26550,26800,26250,26450,65,-1.855287569573284
2014-06-10,26200,27700,26200,27550,3,4.158790170132325
2014-06-11,26750,27400,26750,27400,47,-0.5444646098003629
2014-06-12,27400,27400,27400,27400,13,0.0
2014-06-13,26900,27650,26900,27500,14,0.36496350364963503
2014-06-16,26250,27400,26250,27250,26,-0.9090909090909091
2014-06-17,26550,27050,26550,27050,103,-0.7339449541284404
2014-06-18,27050,27050,27050,27050,2,0.0
2014-06-19,26400,27500,26400,27250,4,0.7393715341959335
2014-06-20,26600,27100,26600,27100,16,-0.5504587155963303
2014-06-23,26400,27900,26400,27450,16,1.2915129151291513
2014-06-24,26800,27850,26700,27850,12,1.4571948998178506
2014-06-25,26950,27150,26700,27150,59,-2.5134649910233393
2014-06-26,26850,26950,26750,26950,243,-0.7366482504604052
2014-06-27,26950,27850,26850,27500,25,2.0408163265306123
2014-06-30,26950,27100,26950,27100,11,-1.4545454545454546
2014-07-01,26900,27900,26900,27050,3,-0.18450184501845018
2014-07-02,27050,27050,27050,27050,2,0.0
2014-07-03,27150,28250,27100,27850,857,2.957486136783734
2014-07-04,27150,27850,26950,27850,462,0.0
2014-07-07,27150,27750,26850,27150,682,-2.5134649910233393
2014-07-08,27100,27600,27100,27200,423,0.1841620626151013
2014-07-09,26800,26950,26800,26800,288,-1.4705882352941175
2014-07-10,26650,28200,26600,27550,684,2.798507462686567
2014-07-11,27000,27900,27000,27900,794,1.2704174228675136
2014-07-14,28150,28300,27350,27700,345,-0.7168458781362007
2014-07-15,27200,28600,27200,28550,875,3.068592057761733
2014-07-16,28050,29900,27600,28600,2672,0.17513134851138354
2014-07-17,29250,31600,28650,29750,5212,4.020979020979021
2014-07-18,31300,31900,29500,30650,1966,3.0252100840336134
2014-07-21,30100,30500,29650,29700,1815,-3.0995106035889073
2014-07-22,29100,30700,29100,30700,2372,3.3670033670033668
2014-07-23,31800,31800,30100,31000,683,0.9771986970684038
2014-07-24,31850,31900,30550,30900,283,-0.3225806451612903
2014-07-25,31800,31800,28800,29200,1391,-5.501618122977346
2014-07-28,29750,29750,28500,29350,706,0.5136986301369862
2014-07-29,29450,29450,28100,28100,717,-4.258943781942079
2014-07-30,28400,29000,28350,28800,198,2.491103202846975
2014-07-31,29500,29500,27300,28000,1770,-2.7777777777777777
2014-08-01,28000,29300,27800,29300,1167,4.642857142857143
2014-08-04,29700,33650,29100,33650,11692,14.846416382252558
2014-08-05,38650,38650,38650,38650,2221,14.85884101040119
2014-08-06,44400,44400,44400,44400,16029,14.877102199223804
2014-08-07,47000,47600,43800,44800,81299,0.9009009009009009
2014-08-08,45000,47000,42400,46000,69982,2.6785714285714284
2014-08-11,45100,49500,44700,48800,50112,6.086956521739131
2014-08-12,0,0,0,48800,0,0.0
2014-08-13,49500,50000,46000,48100,27999,-1.4344262295081966
2014-08-14,47850,49000,47700,48700,16657,1.2474012474012475
2014-08-18,49000,56000,49000,56000,30930,14.989733059548255
2014-08-19,54300,57300,53600,55900,28225,-0.17857142857142858
2014-08-20,56400,57000,47600,47600,49648,-14.847942754919499
2014-08-21,45500,48000,43200,46000,43607,-3.361344537815126
2014-08-22,46000,48500,44650,47750,21962,3.804347826086957
2014-08-25,46650,49400,46550,46800,12523,-1.9895287958115182
2014-08-26,46000,46900,43700,44700,13153,-4.487179487179487
2014-08-27,45300,46800,41500,43950,45773,-1.6778523489932886
2014-08-28,43950,50500,43500,50500,83857,14.903299203640499
2014-08-29,52400,56700,48600,54500,66455,7.920792079207921
2014-09-01,54400,59800,53400,54800,56757,0.5504587155963303
2014-09-02,55900,56300,50800,52300,47955,-4.562043795620438
2014-09-03,53000,54900,50500,51400,42710,-1.7208413001912046
2014-09-04,50600,51300,44100,47600,45852,-7.392996108949417
2014-09-05,46150,48700,45800,48250,12597,1.365546218487395
2014-09-11,47550,49000,45850,47100,10386,-2.383419689119171
2014-09-12,47100,50800,46000,47700,49081,1.2738853503184715
2014-09-15,47800,48450,46000,46500,23670,-2.515723270440252
2014-09-16,46100,48200,45800,46800,19760,0.6451612903225806
2014-09-17,47150,47150,45200,46500,11029,-0.641025641025641
2014-09-18,46850,46850,45850,45900,5085,-1.2903225806451613
2014-09-19,45200,46000,44700,46000,8407,0.2178649237472767
2014-09-22,46000,46250,44400,45700,7832,-0.6521739130434783
2014-09-23,45150,45550,44200,44200,5412,-3.282275711159737
2014-09-24,44200,45500,43850,45450,5140,2.828054298642534
2014-09-25,45000,45650,44400,44450,2366,-2.2002200220022003
2014-09-26,43650,44400,41050,41900,10057,-5.736782902137233
2014-09-29,41850,42050,39000,39750,6192,-5.13126491646778
2014-09-30,39300,40850,39300,39750,4119,0.0
2014-10-01,40350,40350,36900,38300,9113,-3.647798742138365
2014-10-02,37800,38900,37000,38400,4461,0.26109660574412535
2014-10-06,38400,38700,37400,38200,2989,-0.5208333333333333
2014-10-07,38200,43900,38000,43900,20354,14.921465968586386
2014-10-08,45750,46500,42000,43900,22684,0.0
2014-10-10,44150,46750,42800,44350,32628,1.0250569476082005
2014-10-13,44350,45700,39350,41800,14085,-5.749718151071026
2014-10-14,41950,41950,39300,39450,12855,-5.62200956937799
2014-10-15,38850,40500,38700,38900,8022,-1.394169835234474
2014-10-16,38800,43350,38200,42000,17146,7.969151670951156
2014-10-17,41750,42150,39250,39650,14054,-5.595238095238096
2014-10-20,39650,41750,39100,40050,8541,1.008827238335435
2014-10-21,40150,46050,40000,43000,69931,7.365792759051186
2014-10-22,41900,43700,41050,42450,22843,-1.2790697674418605
2014-10-23,43550,43800,39200,39450,26838,-7.06713780918728
2014-10-24,39350,40650,38750,39500,8995,0.12674271229404308
2014-10-27,39900,40300,39100,39250,5662,-0.6329113924050633
2014-10-28,38900,40000,38600,39100,7470,-0.3821656050955414
2014-10-29,39150,39750,37550,38100,8748,-2.557544757033248
2014-10-30,38500,39300,37000,37600,8119,-1.3123359580052494
2014-10-31,37000,38350,36750,37550,5795,-0.13297872340425532
2014-11-03,37550,37750,36300,37000,5267,-1.4647137150466045
2014-11-04,38000,38650,36300,36900,6253,-0.2702702702702703
2014-11-05,37700,38350,35150,36300,7146,-1.6260162601626018
2014-11-06,36700,36700,33150,34550,10314,-4.820936639118457
2014-11-07,33550,36900,33550,36650,7998,6.078147612156296
2014-11-10,35450,37500,35450,36550,3474,-0.2728512960436562
2014-11-11,36200,38000,36200,36600,3909,0.13679890560875513
2014-11-12,36250,36950,36100,36550,1808,-0.1366120218579235
2014-11-13,36550,37500,36000,37150,2644,1.6415868673050615
2014-11-14,37500,37500,35100,35700,2928,-3.9030955585464335
2014-11-17,35650,35850,34700,34750,4048,-2.661064425770308
2014-11-18,35100,36450,34700,35250,1556,1.4388489208633095
2014-11-19,35600,36250,35200,35400,1153,0.425531914893617
2014-11-20,36000,37950,35500,36600,2716,3.389830508474576
2014-11-21,35950,38800,35950,37500,6011,2.459016393442623
2014-11-24,36950,37600,36000,36000,3483,-4.0
2014-11-25,36350,36700,35600,36000,2599,0.0
2014-11-26,36350,37400,36000,36700,1302,1.9444444444444444
2014-11-27,37000,38200,36800,37300,1785,1.6348773841961852
2014-11-28,36400,37500,36400,36600,1210,-1.876675603217158
2014-12-01,36800,39700,36800,38000,14857,3.825136612021858
2014-12-02,37750,37750,36200,36900,3008,-2.8947368421052633
2014-12-03,36900,38100,36900,37050,3094,0.40650406504065045
2014-12-04,37200,38000,36550,37200,2547,0.4048582995951417
2014-12-05,37450,37800,36750,37750,3000,1.478494623655914
2014-12-08,37800,38250,37100,37300,2097,-1.1920529801324504
2014-12-09,37300,38300,36500,36550,1811,-2.0107238605898123
2014-12-10,36300,37050,36150,36150,624,-1.094391244870041
2014-12-11,35900,36100,34500,35450,6963,-1.9363762102351314
2014-12-12,37000,38400,35000,35000,11971,-1.2693935119887165
2014-12-15,34600,35250,33500,33650,5899,-3.8571428571428568
2014-12-16,34000,35850,33500,34700,5082,3.1203566121842496
2014-12-17,34450,35450,34200,35350,1360,1.8731988472622478
2014-12-18,34250,35950,33700,33850,3669,-4.243281471004243
2014-12-19,33900,35500,33000,34100,1514,0.7385524372230428
2014-12-22,33600,34650,33500,34500,1233,1.1730205278592376
2014-12-23,35500,35500,33550,33700,1771,-2.318840579710145
2014-12-24,33500,34800,33500,34200,1697,1.483679525222552
2014-12-26,33650,34750,33650,34200,781,0.0
2014-12-29,34200,34500,32950,34250,588,0.14619883040935672
2014-12-30,33300,34550,33300,34400,1147,0.43795620437956206
2015-01-02,35750,35750,33500,34100,1025,-0.872093023255814
2015-01-05,33600,35500,33600,34500,2592,1.1730205278592376
2015-01-06,34600,36300,34100,34750,2254,0.7246376811594203
2015-01-07,34700,35000,32950,34750,1769,0.0
2015-01-08,34750,35950,34150,35150,1058,1.1510791366906474
2015-01-09,34850,36600,34850,34900,2062,-0.7112375533428165
2015-01-12,35800,35850,34900,35200,1553,0.8595988538681949
2015-01-13,34800,35800,34800,35400,850,0.5681818181818182
2015-01-14,34800,37800,34800,36050,8949,1.8361581920903955
2015-01-15,35600,36100,34000,35100,3884,-2.6352288488210815
2015-01-16,35500,35500,34350,34800,2014,-0.8547008547008548
2015-01-19,33850,35400,33850,34900,2224,0.28735632183908044
2015-01-20,34900,35450,34750,35400,1347,1.4326647564469914
2015-01-21,35300,40000,35000,39450,34530,11.440677966101696
2015-01-22,39000,39000,37100,37650,13332,-4.562737642585551
2015-01-23,38700,43250,37550,40200,70053,6.772908366533864
2015-01-26,41900,44350,40600,42700,35473,6.218905472636816
2015-01-27,44000,45500,40300,41300,25364,-3.278688524590164
2015-01-28,41300,43500,40050,41150,10755,-0.36319612590799033
2015-01-29,41250,41500,39500,39500,13219,-4.0097205346294045
2015-01-30,39500,40500,38000,39000,8080,-1.2658227848101267
2015-02-02,39050,41200,38100,40200,8793,3.076923076923077
2015-02-03,39800,40600,39450,40100,5879,-0.24875621890547264
2015-02-04,39500,40600,39500,39800,4677,-0.7481296758104738
2015-02-05,39850,43700,39850,41700,29248,4.773869346733668
2015-02-06,42900,42900,41700,42050,6808,0.8393285371702638
2015-02-09,42200,42200,39750,40000,8731,-4.875148632580261
2015-02-10,39850,40050,38500,38800,5762,-3.0
2015-02-11,38800,40500,38800,39900,4927,2.8350515463917527
2015-02-12,40000,40950,39250,39550,3219,-0.8771929824561403
2015-02-13,39700,40500,39550,40400,3825,2.1491782553729455
2015-02-16,40000,41550,40000,40650,6830,0.6188118811881188
2015-02-17,40700,46700,40100,43050,60717,5.904059040590406
2015-02-23,43650,44800,42200,44300,15256,2.9036004645760745
2015-02-24,43650,44500,42950,43700,11111,-1.3544018058690745
2015-02-25,42950,43300,41100,42000,6495,-3.8901601830663615
2015-02-26,42350,42350,41300,41750,2594,-0.5952380952380952
2015-02-27,42250,42250,41000,41950,2160,0.47904191616766467
2015-03-02,42000,43800,41950,42250,6736,0.7151370679380215
2015-03-03,42800,42800,41600,42050,4315,-0.4733727810650888
2015-03-04,42200,42200,40550,41600,6492,-1.070154577883472
2015-03-05,41600,42300,40500,42300,4043,1.6826923076923077
2015-03-06,41900,42750,40650,41150,5290,-2.7186761229314422
2015-03-09,40750,41750,40050,40100,2747,-2.551640340218712
2015-03-10,40600,40700,39000,40100,5750,0.0
2015-03-11,39250,40550,39100,40250,1810,0.3740648379052369
2015-03-12,39800,41100,39800,40300,1499,0.12422360248447205
2015-03-13,39750,41150,39750,40400,1838,0.24813895781637718
2015-03-16,40800,41500,40400,41000,4953,1.4851485148514851
2015-03-17,41100,41500,40800,41300,4588,0.7317073170731708
2015-03-18,41400,42500,41050,41600,5677,0.7263922518159807
2015-03-19,41650,41950,41000,41550,3330,-0.1201923076923077
2015-03-20,41700,41900,41250,41700,1247,0.36101083032490977
2015-03-23,41700,42100,41450,41500,2087,-0.4796163069544364
2015-03-24,41600,42300,41600,42100,4042,1.4457831325301205
2015-03-25,42100,42750,41250,42150,2769,0.11876484560570072
2015-03-26,42000,42400,41400,41650,3474,-1.1862396204033214
2015-03-27,41650,41700,40050,41500,2323,-0.36014405762304924
2015-03-30,42000,42000,40750,41950,2191,1.0843373493975903
2015-03-31,41500,42350,41500,42200,1246,0.5959475566150179
2015-04-01,42250,42500,41750,42000,3624,-0.47393364928909953
2015-04-02,42000,46950,41450,44200,25184,5.238095238095238
2015-04-03,44350,45750,44300,45000,5449,1.809954751131222
2015-04-06,45000,46600,44200,44300,4388,-1.5555555555555556
2015-04-07,44000,44800,42950,43950,3157,-0.7900677200902935
2015-04-08,43500,44150,42650,42900,2764,-2.3890784982935154
2015-04-09,43600,43900,42400,42900,3595,0.0
2015-04-10,42900,44300,42400,42900,4700,0.0
2015-04-13,43500,44500,42550,43900,5365,2.331002331002331
2015-04-14,44400,44500,41750,41900,5259,-4.555808656036446
2015-04-15,41550,42700,41550,42200,1947,0.7159904534606205
2015-04-16,42500,42650,42100,42450,3745,0.5924170616113744
2015-04-17,45500,46000,43700,44900,10284,5.771495877502945
2015-04-20,46000,47500,44100,46950,13970,4.565701559020044
2015-04-21,46350,47000,46000,46500,6586,-0.9584664536741214
2015-04-22,46900,46900,42800,44700,8243,-3.870967741935484
2015-04-23,46000,46000,43150,44450,3153,-0.5592841163310962
2015-04-24,45650,45650,44250,45300,3704,1.9122609673790776
2015-04-27,45150,45750,44750,45200,3038,-0.22075055187637968
2015-04-28,45250,46450,44800,46200,4938,2.2123893805309733
2015-04-29,45900,47400,45500,46000,14446,-0.4329004329004329
2015-04-30,51400,52900,47550,47550,70467,3.369565217391304
2015-05-04,54300,54600,51500,54600,73573,14.826498422712934
2015-05-06,59000,62700,56000,62700,197333,14.835164835164836
2015-05-07,63900,67400,57300,59500,329786,-5.103668261562999
2015-05-08,58000,58800,55000,57000,78289,-4.201680672268908
2015-05-11,56100,58700,54700,55900,116433,-1.9298245614035088
2015-05-12,56000,64200,55300,64200,163448,14.847942754919499
2015-05-13,67100,68000,61300,64200,120641,0.0
2015-05-14,66800,68000,62700,63900,59283,-0.46728971962616817
2015-05-15,64600,73400,62100,70100,141070,9.702660406885759
2015-05-18,67500,75600,67200,69000,134127,-1.5691868758915835
2015-05-19,71000,72200,67500,69300,42164,0.43478260869565216
2015-05-20,67900,71600,67000,68000,53182,-1.875901875901876
2015-05-21,67700,68000,65000,66100,28927,-2.794117647058824
2015-05-22,67000,70000,65600,66100,30593,0.0
2015-05-26,67100,69900,65600,66700,33723,0.9077155824508321
2015-05-27,66100,70400,65300,67400,71403,1.0494752623688157
2015-05-28,67800,68400,66200,66400,20082,-1.483679525222552
2015-05-29,66400,67100,63800,64000,23283,-3.614457831325301
2015-06-01,63000,64200,60100,60100,26578,-6.09375
2015-06-02,60000,60200,55600,55800,35373,-7.154742096505824
2015-06-03,54100,60900,54100,59400,33219,6.451612903225806
2015-06-04,59400,61500,57500,58100,10722,-2.1885521885521886
2015-06-05,57000,57700,55900,57500,8694,-1.0327022375215147
2015-06-08,58000,60500,56100,59000,11669,2.608695652173913
2015-06-09,58600,60400,57600,57800,7676,-2.0338983050847457
2015-06-10,58300,58300,56000,57000,10917,-1.384083044982699
2015-06-11,57300,58000,54500,57000,13080,0.0
2015-06-12,57000,57400,56100,56200,7832,-1.4035087719298245
2015-06-15,56100,57000,52400,52500,9506,-6.583629893238434
2015-06-16,52900,52900,50500,51000,9096,-2.857142857142857
2015-06-17,51500,52400,51100,52400,5981,2.7450980392156863
2015-06-18,52400,52700,51000,52500,5458,0.19083969465648853
2015-06-19,51800,52700,51400,52200,7345,-0.5714285714285714
2015-06-22,52500,54400,51800,54400,9352,4.21455938697318
2015-06-23,54400,55000,53600,54200,5246,-0.3676470588235294
2015-06-24,56200,60000,54300,57500,23542,6.088560885608856
2015-06-25,57000,58700,56300,57600,6455,0.17391304347826086
2015-06-26,58500,58500,56000,56600,9519,-1.7361111111111112
2015-06-29,53600,54500,51500,51900,24857,-8.303886925795052
2015-06-30,51000,52400,49750,52400,11203,0.9633911368015413
2015-07-01,52400,53500,51800,53400,6335,1.9083969465648856
2015-07-02,52700,53700,52100,53100,5859,-0.5617977528089888
2015-07-03,52900,53600,52000,52500,6499,-1.1299435028248588
2015-07-06,50300,52700,50200,51000,9189,-2.857142857142857
2015-07-07,51500,59400,50500,54200,38870,6.2745098039215685
2015-07-08,54300,55800,52300,53600,11258,-1.107011070110701
2015-07-09,52100,53200,50500,52500,8928,-2.0522388059701493
2015-07-10,52100,54400,52100,54200,5224,3.2380952380952377
2015-07-13,53700,56000,53700,55700,6003,2.7675276752767526
2015-07-14,57100,61700,55700,60100,23097,7.899461400359066
2015-07-15,60000,61700,58500,59400,12820,-1.1647254575707155
2015-07-16,58700,61700,58700,59900,10188,0.8417508417508417
2015-07-17,60500,62700,58200,62500,18662,4.340567612687813
2015-07-20,63300,67400,62800,63100,22844,0.96
2015-07-21,61800,63500,61300,63400,9829,0.4754358161648178
2015-07-22,63000,64900,62800,64800,7298,2.2082018927444795
2015-07-23,65700,65700,63200,63900,5872,-1.3888888888888888
2015-07-24,64000,66000,61100,63000,13013,-1.4084507042253522
2015-07-27,63000,64100,60800,61400,8615,-2.5396825396825395
2015-07-28,60300,63000,60000,62300,9188,1.4657980456026058
2015-07-29,62300,62300,60300,60600,4547,-2.7287319422150884
2015-07-30,60000,60300,57900,57900,9679,-4.455445544554455
2015-07-31,56500,60000,56300,60000,5933,3.6269430051813467
2015-08-03,60200,61600,59600,59800,3829,-0.33333333333333337
2015-08-04,59200,61000,58600,59700,4607,-0.16722408026755853
2015-08-05,59700,60500,57900,58600,6078,-1.8425460636515913
2015-08-06,59000,59000,57000,57500,5343,-1.877133105802048
2015-08-07,57000,57600,56000,57200,4311,-0.5217391304347827
2015-08-10,57200,57300,55900,56300,5476,-1.5734265734265735
2015-08-11,55700,56800,54200,55100,6506,-2.1314387211367674
2015-08-12,54600,55800,53500,54300,5995,-1.4519056261343013
2015-08-13,54300,55800,54100,54400,4454,0.1841620626151013
2015-08-17,54300,55400,53600,54900,3367,0.9191176470588236
2015-08-18,55500,56100,53700,54700,2566,-0.36429872495446264
2015-08-19,53700,54400,50900,53000,5127,-3.1078610603290677
2015-08-20,50100,53000,50100,52400,4335,-1.1320754716981132
2015-08-21,50500,52400,48800,49600,8973,-5.343511450381679
2015-08-24,46800,50900,46800,49850,7318,0.5040322580645161
2015-08-25,50500,52500,49750,52500,3895,5.315947843530592
2015-08-26,53000,55000,52300,54500,4042,3.8095238095238098
2015-08-27,55500,55500,54000,54200,2662,-0.5504587155963303
2015-08-28,54300,56000,54300,55200,1843,1.8450184501845017
2015-08-31,56300,58500,55400,57900,6734,4.891304347826087
2015-09-01,57900,58500,55800,56500,2425,-2.4179620034542317
2015-09-02,55400,58000,54800,56700,4569,0.35398230088495575
2015-09-03,56900,57900,56300,56800,1891,0.1763668430335097
2015-09-04,57000,57200,54900,56400,1986,-0.7042253521126761
2015-09-07,55800,56900,55300,56900,1403,0.8865248226950355
2015-09-08,56800,57500,55500,57500,1861,1.054481546572935
2015-09-09,57200,58800,57200,58500,4057,1.7391304347826086
2015-09-10,58200,58400,57700,58200,2124,-0.5128205128205128
2015-09-11,55500,56600,55100,56600,7587,-2.7491408934707904
2015-09-14,56600,56600,54200,54800,3991,-3.180212014134275
2015-09-15,53700,55500,53500,54700,1946,-0.18248175182481752
2015-09-16,55700,55700,54300,55100,2837,0.7312614259597806
2015-09-17,54600,55100,52400,52700,4749,-4.3557168784029034
2015-09-18,52300,53300,51600,52600,3937,-0.18975332068311196
2015-09-21,52600,53600,51600,53600,4562,1.9011406844106464
2015-09-22,52600,54000,52600,53600,3248,0.0
2015-09-23,53600,53700,52200,53200,1476,-0.7462686567164178
2015-09-24,53700,54100,52800,53900,3032,1.3157894736842104
2015-09-25,53800,56000,53800,55400,3058,2.782931354359926
2015-09-30,54100,55600,53900,54900,2654,-0.9025270758122743
2015-10-01,53300,54600,52400,52800,7671,-3.825136612021858
2015-10-02,52800,53000,51600,52700,2815,-0.1893939393939394
2015-10-05,53700,53700,52100,53200,4575,0.9487666034155597
2015-10-06,53200,54000,51200,51500,6289,-3.195488721804511
2015-10-07,50600,51500,50600,51000,3329,-0.9708737864077669
2015-10-08,51000,51900,50900,51800,1371,1.5686274509803921
2015-10-12,53500,53500,51200,51200,2953,-1.1583011583011582
2015-10-13,51400,52700,51400,52200,918,1.953125
2015-10-14,52700,52800,51700,52500,964,0.5747126436781609
2015-10-15,52100,54000,52100,53600,2779,2.0952380952380953
2015-10-16,53200,53900,52800,53100,1361,-0.9328358208955223
2015-10-19,52200,53300,52200,52700,2064,-0.7532956685499058
2015-10-20,52600,52800,52100,52800,1288,0.18975332068311196
2015-10-21,52200,52700,52100,52200,1707,-1.1363636363636365
2015-10-22,52100,53100,51200,51600,2460,-1.1494252873563218
2015-10-23,51600,52000,51100,51600,1536,0.0
2015-10-26,51600,52300,51200,52300,1260,1.3565891472868217
2015-10-27,52600,52600,51200,51900,2617,-0.7648183556405354
2015-10-28,51400,52300,51000,51900,1761,0.0
2015-10-29,51900,53000,51600,52100,1635,0.3853564547206166
2015-10-30,52100,52800,51200,51500,3395,-1.1516314779270633
2015-11-02,51100,51600,50100,51100,2311,-0.7766990291262136
2015-11-03,50600,52100,50600,51700,2601,1.1741682974559686
2015-11-04,51400,53000,51200,53000,2256,2.5145067698259185
2015-11-05,53000,54000,52400,53700,3705,1.3207547169811322
2015-11-06,53700,54200,53000,53000,1706,-1.303538175046555
2015-11-09,52200,52900,50300,51300,7518,-3.207547169811321
2015-11-10,51300,52900,50400,52200,2396,1.7543859649122806
2015-11-11,52900,52900,51500,51900,1809,-0.5747126436781609
2015-11-12,51300,52800,51000,52300,1212,0.7707129094412332
2015-11-13,51200,53700,51200,52000,1964,-0.5736137667304015
2015-11-16,51700,53100,51700,52400,2292,0.7692307692307693
2015-11-17,52700,54200,51700,54100,4210,3.2442748091603053
2015-11-18,54100,57500,53600,57500,9362,6.284658040665435
2015-11-19,58000,59500,56800,58400,5600,1.565217391304348
2015-11-20,57100,59000,56800,58000,2034,-0.684931506849315
2015-11-23,57600,58500,57100,57100,1631,-1.5517241379310345
2015-11-24,57000,58400,53100,56200,2661,-1.5761821366024518
2015-11-25,56300,56300,54900,55800,2847,-0.7117437722419928
2015-11-26,55100,57900,54200,57400,2554,2.867383512544803
2015-11-27,57700,63000,57700,60600,29353,5.574912891986063
2015-11-30,60900,61000,57500,58300,9726,-3.7953795379537953
2015-12-01,58400,61700,58400,60300,13805,3.430531732418525
2015-12-02,60700,60800,58700,59200,5501,-1.8242122719734661
2015-12-03,59200,59300,57000,58900,5770,-0.5067567567567568
2015-12-04,58500,58800,56200,58200,2156,-1.1884550084889642
2015-12-07,59400,63500,59300,60500,5327,3.951890034364261
2015-12-08,61100,61300,58300,59000,3493,-2.479338842975207
2015-12-09,58900,59300,58200,58900,1961,-0.1694915254237288
2015-12-10,59700,59700,56900,57300,2648,-2.7164685908319184
2015-12-11,57300,59200,57000,57300,2249,0.0
2015-12-14,57100,58600,56100,57400,5203,0.17452006980802792
2015-12-15,58000,58400,56500,58400,3029,1.7421602787456445
2015-12-16,58400,58500,57300,57800,3150,-1.0273972602739725
2015-12-17,57400,58400,56900,58300,4799,0.8650519031141869
2015-12-18,58900,59000,57300,58400,2920,0.17152658662092624
2015-12-21,57400,58200,55800,56900,8264,-2.5684931506849313
2015-12-22,56900,61200,55900,60700,20841,6.6783831282952555
2015-12-23,63800,63800,59300,59700,19201,-1.6474464579901154
2015-12-24,59000,61500,58900,59700,9094,0.0
2015-12-28,60000,61400,59200,60000,6084,0.5025125628140703
2015-12-29,60000,60800,58800,59600,2681,-0.6666666666666667
2015-12-30,60400,62000,59600,61300,6596,2.8523489932885906
2016-01-04,61400,61400,59200,59600,4580,-2.7732463295269167
2016-01-05,58300,59800,57900,58700,2873,-1.5100671140939599
2016-01-06,58700,59800,57200,57700,3934,-1.7035775127768313
2016-01-07,57700,58200,56300,56800,4209,-1.559792027729636
2016-01-08,56100,57000,54900,57000,3021,0.35211267605633806
2016-01-11,57000,58000,55100,56800,1884,-0.3508771929824561
2016-01-12,57900,58200,56700,56900,3098,0.17605633802816903
2016-01-13,57600,58000,56900,57300,1254,0.7029876977152899
2016-01-14,56100,57600,55100,57000,2949,-0.5235602094240838
2016-01-15,57000,57100,55900,56600,1349,-0.7017543859649122
2016-01-18,56600,56800,55500,56800,1253,0.35335689045936397
2016-01-19,57000,57100,56000,56800,1599,0.0
2016-01-20,56800,57300,53600,55100,5031,-2.992957746478873
2016-01-21,55100,55400,53300,54200,3704,-1.6333938294010888
2016-01-22,54900,54900,53500,54700,1158,0.9225092250922509
2016-01-25,54000,55000,53700,54700,785,0.0
2016-01-26,53900,54600,53400,53900,1209,-1.4625228519195612
2016-01-27,53700,55000,52500,52900,1999,-1.855287569573284
2016-01-28,52900,53600,52700,53500,1860,1.1342155009451798
2016-01-29,53100,54300,52100,52500,1632,-1.8691588785046727
2016-02-01,52500,52900,51800,51800,2941,-1.3333333333333335
2016-02-02,51800,54100,51800,53200,2184,2.7027027027027026
2016-02-03,53800,53900,53000,53000,1352,-0.37593984962406013
2016-02-04,53900,54000,53200,54000,580,1.8867924528301887
2016-02-05,54200,54900,53400,54500,2147,0.9259259259259258
2016-02-11,51600,55500,51600,54400,2342,-0.1834862385321101
2016-02-12,53100,54300,44000,52100,6831,-4.227941176470589
2016-02-15,52800,53700,51800,51900,1201,-0.3838771593090211
2016-02-16,53000,53500,52000,52100,749,0.3853564547206166
2016-02-17,52100,52900,51700,52600,821,0.9596928982725527
2016-02-18,53000,54500,52600,53300,2004,1.3307984790874523
2016-02-19,52800,53900,52200,53800,1648,0.9380863039399625
2016-02-22,53800,54000,52200,53900,1037,0.18587360594795538
2016-02-23,53000,55500,52900,54600,2861,1.2987012987012987
2016-02-24,54900,54900,53500,54100,1881,-0.9157509157509158
2016-02-25,53700,54000,52700,52700,1227,-2.5878003696857674
2016-02-26,52800,53800,52200,53000,676,0.5692599620493358
2016-02-29,53200,53600,51300,51500,2110,-2.8301886792452833
2016-03-02,51800,52700,51600,52000,1162,0.9708737864077669
2016-03-03,51600,52500,51600,52300,935,0.576923076923077
2016-03-04,52000,52500,51200,51900,2538,-0.7648183556405354
2016-03-07,51500,52200,50900,50900,1908,-1.9267822736030826
2016-03-08,50900,51900,50500,50900,1437,0.0
2016-03-09,50500,52000,50400,50600,827,-0.5893909626719057
2016-03-10,50700,51000,50300,50300,1433,-0.592885375494071
2016-03-11,50900,50900,50000,50100,1341,-0.3976143141153081
2016-03-14,50900,52900,50900,52100,3598,3.992015968063872
2016-03-15,52500,53000,50900,51300,3382,-1.5355086372360844
2016-03-16,51300,52400,51000,51000,1228,-0.5847953216374269
2016-03-17,51800,51800,51000,51100,1369,0.19607843137254902
2016-03-18,51000,51000,49250,49250,8792,-3.6203522504892365
2016-03-21,50800,50800,49250,49250,1793,0.0
2016-03-22,49250,50400,48850,49250,1402,0.0
2016-03-23,49950,49950,48800,49400,2334,0.3045685279187817
2016-03-24,49400,49400,48050,48050,2379,-2.7327935222672064
2016-03-25,49000,51000,48100,49050,6095,2.081165452653486
2016-03-28,49000,49000,46000,46300,6597,-5.606523955147808
2016-03-29,46300,46900,46250,46300,1853,0.0
2016-03-30,46300,46450,44900,44950,4519,-2.915766738660907
2016-03-31,44100,46950,44100,46950,6253,4.4493882091212456
2016-04-01,47050,47250,46350,47050,2449,0.21299254526091588
2016-04-04,47050,50600,47000,50100,6300,6.482465462274177
2016-04-05,51000,52000,49800,51300,4105,2.3952095808383236
2016-04-06,50100,51200,49800,49800,1601,-2.923976608187134
2016-04-07,49500,50600,49400,50100,2786,0.6024096385542169
2016-04-08,52000,52000,50100,50600,2987,0.998003992015968
2016-04-11,52400,52400,50200,52300,6163,3.3596837944664033
2016-04-12,51000,52000,49050,52000,4609,-0.5736137667304015
2016-04-14,40250,43900,40100,42300,38230,-18.653846153846153
2016-04-15,41600,42600,41600,42600,5879,0.7092198581560284
2016-04-18,43850,43850,41500,42200,8893,-0.9389671361502347
2016-04-19,42200,42200,40700,41000,4548,-2.843601895734597
2016-04-20,40900,41350,40150,41100,4326,0.24390243902439024
2016-04-21,40900,41550,40900,41150,2024,0.12165450121654502
2016-04-22,40850,41150,40600,40700,3043,-1.0935601458080195
2016-04-25,40650,40650,39300,39550,5379,-2.8255528255528257
2016-04-26,39750,39750,39100,39350,2415,-0.5056890012642226
2016-04-27,39250,39700,39000,39350,1986,0.0
2016-04-28,39700,39700,37600,38100,8009,-3.176620076238882
2016-04-29,38000,38450,37950,38200,1651,0.26246719160104987
2016-05-02,38150,38150,36550,36600,4955,-4.18848167539267
2016-05-03,36600,36950,36200,36900,2327,0.819672131147541
2016-05-04,36900,36900,35700,35950,5486,-2.5745257452574526
2016-05-09,35950,35950,34600,34600,6153,-3.7552155771905427
2016-05-10,34150,35950,34150,35550,3874,2.745664739884393
2016-05-11,36000,36200,35550,36050,1498,1.4064697609001406
2016-05-12,36050,36050,35250,35950,1048,-0.27739251040221913
2016-05-13,35950,35950,35050,35550,2467,-1.1126564673157162
2016-05-16,35550,36300,35500,36000,4936,1.2658227848101267
2016-05-17,35500,36300,34350,34400,3622,-4.444444444444445
2016-05-18,34100,34900,34050,34250,3235,-0.436046511627907
2016-05-19,34300,34700,31350,32050,11271,-6.423357664233577
2016-05-20,31750,34900,31750,34350,3425,7.17628705148206
2016-05-23,34000,34000,33500,33750,2710,-1.7467248908296942
2016-05-24,34050,34800,33300,33300,2092,-1.3333333333333335
2016-05-25,34100,43250,34000,43250,79596,29.87987987987988
2016-05-26,40350,40950,37000,37250,52340,-13.872832369942195
2016-05-27,37500,37750,35750,37150,9113,-0.2684563758389262
2016-05-30,37450,39400,36300,37450,16248,0.8075370121130552
2016-05-31,37700,40100,37700,39300,16834,4.939919893190922
2016-06-01,39950,39950,37100,37500,13442,-4.580152671755725
2016-06-02,38250,40050,37900,39350,9214,4.933333333333334
2016-06-03,40850,40850,38600,40000,8144,1.6518424396442184
2016-06-07,40000,41100,39700,40300,5451,0.75
2016-06-08,40300,40300,38700,38700,7537,-3.970223325062035
2016-06-09,39200,39200,38000,38600,3837,-0.2583979328165375
2016-06-10,37900,38700,37800,37800,4425,-2.072538860103627
2016-06-13,37000,38200,36700,37400,3934,-1.0582010582010581
2016-06-14,37400,37600,36500,37600,1386,0.53475935828877
2016-06-15,38000,38000,36400,37350,1336,-0.6648936170212766
2016-06-16,37250,37750,36800,36800,1506,-1.4725568942436411
2016-06-17,36250,37200,36250,36850,1849,0.1358695652173913
2016-06-20,36850,37300,36250,37250,1619,1.0854816824966078
2016-06-21,36700,38500,36250,37200,1200,-0.1342281879194631
2016-06-22,37200,40600,37200,38900,8883,4.56989247311828
2016-06-23,38950,38950,37600,37800,2518,-2.827763496143959
2016-06-24,37800,38350,32100,35300,6561,-6.613756613756613
2016-06-27,33100,36950,33100,35050,2505,-0.708215297450425
2016-06-28,36000,36000,34450,35250,1213,0.5706134094151213
2016-06-29,34950,36450,34950,36000,1339,2.127659574468085
2016-06-30,36100,36700,36000,36100,1168,0.2777777777777778
2016-07-01,36250,38150,36000,36450,3662,0.9695290858725761
2016-07-04,38600,38600,36850,37950,2899,4.11522633744856
2016-07-05,38250,41950,37900,39550,12104,4.216073781291173
2016-07-06,39600,39750,38500,39250,3372,-0.7585335018963337
2016-07-07,39850,40200,39200,39550,1924,0.7643312101910829
2016-07-08,39950,41600,39350,39650,7159,0.2528445006321113
2016-07-11,39450,39950,39000,39650,1334,0.0
2016-07-12,39700,41000,39400,40300,4131,1.639344262295082
2016-07-13,41000,41000,40200,40200,1917,-0.24813895781637718
2016-07-14,40800,40800,39200,39700,1917,-1.2437810945273633
2016-07-15,41400,41650,39500,39750,7633,0.12594458438287154
2016-07-18,39900,40400,39400,40350,2611,1.509433962264151
2016-07-19,41000,41000,40000,40150,1416,-0.49566294919454773
2016-07-20,40300,40300,39500,40150,1638,0.0
2016-07-21,40150,40650,39600,39800,1246,-0.8717310087173101
2016-07-22,39400,40000,39250,40000,2528,0.5025125628140703
2016-07-25,40000,40600,39450,39550,1413,-1.125
2016-07-26,39200,39500,38500,39450,1249,-0.2528445006321113
2016-07-27,39000,39700,38950,39250,1147,-0.5069708491761723
2016-07-28,38000,39800,37950,39000,4324,-0.6369426751592357
2016-07-29,39000,39000,38400,38900,424,-0.2564102564102564
2016-08-01,38500,40250,38300,40250,2690,3.470437017994859
2016-08-02,39850,40400,39400,39700,2277,-1.3664596273291925
2016-08-03,39950,39950,38950,39300,1017,-1.0075566750629723
2016-08-04,39450,40600,39350,40050,2619,1.9083969465648856
2016-08-05,40900,40900,39550,39950,1480,-0.24968789013732834
2016-08-08,39450,41200,39450,41000,6635,2.6282853566958697
2016-08-09,41600,41700,39650,39700,8290,-3.1707317073170733
2016-08-10,36000,37400,34150,37000,18800,-6.801007556675064
2016-08-11,37000,37100,36500,36650,2685,-0.945945945945946
2016-08-12,36650,36800,36100,36550,2688,-0.2728512960436562
2016-08-16,36500,36500,35800,36300,1725,-0.6839945280437756
2016-08-17,36000,36500,35750,35800,1385,-1.3774104683195594
2016-08-18,35800,36450,35800,36250,931,1.2569832402234637
2016-08-19,36250,36550,35750,36200,1727,-0.13793103448275862
2016-08-22,36200,37400,35750,36050,1253,-0.4143646408839779
2016-08-23,35800,37500,35800,36100,1566,0.13869625520110956
2016-08-24,35800,36900,35700,36050,1474,-0.13850415512465375
2016-08-25,35500,36850,35500,36050,1763,0.0
2016-08-26,35650,36650,35200,36000,1380,-0.13869625520110956
2016-08-29,36500,37300,35550,36150,1989,0.4166666666666667
2016-08-30,36300,38900,36300,37300,4166,3.18118948824343
2016-08-31,37900,37900,36350,36800,935,-1.3404825737265416
2016-09-01,36800,37400,36750,36800,1104,0.0
2016-09-02,37900,37900,36850,37200,943,1.0869565217391304
2016-09-05,38000,38000,36400,36900,3394,-0.8064516129032258
2016-09-06,36900,37200,36550,36900,1932,0.0
2016-09-07,37100,37350,36450,37350,2604,1.2195121951219512
2016-09-08,37350,38750,36000,38400,8899,2.8112449799196786
2016-09-09,38400,38950,36900,37950,6196,-1.171875
2016-09-12,37950,37950,36600,37050,2764,-2.371541501976284
2016-09-13,37050,37350,36850,37350,3776,0.8097165991902834
2016-09-19,37350,38450,36350,38050,5765,1.8741633199464525
2016-09-20,38050,39500,38050,39100,6119,2.759526938239159
2016-09-21,39950,40300,38550,39200,4150,0.2557544757033248
2016-09-22,39350,40050,38650,39600,3004,1.0204081632653061
2016-09-23,39600,39850,39000,39500,2585,-0.25252525252525254
2016-09-26,40100,40100,38100,39300,4125,-0.5063291139240507
2016-09-27,39900,39900,38050,38700,5362,-1.5267175572519083
2016-09-28,38700,39000,38250,38700,1211,0.0
2016-09-29,38700,39150,38550,39000,2453,0.7751937984496124
2016-09-30,39800,39800,38150,38600,1850,-1.0256410256410255
2016-10-04,38600,39400,37500,39400,5090,2.072538860103627
2016-10-05,40000,40000,38900,38950,629,-1.1421319796954315
2016-10-06,38950,39100,38300,38950,2090,0.0
2016-10-07,38950,38950,37700,37800,2382,-2.952503209242619
2016-10-10,38200,38200,37300,37450,2199,-0.9259259259259258
2016-10-11,37450,37800,37000,37350,1691,-0.26702269692923897
2016-10-12,37850,37850,36850,37450,347,0.2677376171352075
2016-10-13,37450,37850,37100,37500,766,0.13351134846461948
2016-10-14,37950,37950,36800,37500,939,0.0
2016-10-17,37300,37450,37000,37350,894,-0.4
2016-10-18,37950,37950,36850,36950,1695,-1.07095046854083
2016-10-19,36950,36950,36700,36950,534,0.0
2016-10-20,36650,36950,36650,36700,377,-0.6765899864682002
2016-10-21,36400,37850,36300,36700,1194,0.0
2016-10-24,37050,38850,36400,38150,5850,3.9509536784741144
2016-10-25,38350,38400,36000,36250,3641,-4.980340760157274
2016-10-26,36250,38000,36250,36400,4811,0.41379310344827586
2016-10-27,36400,37100,36400,37000,2137,1.6483516483516485
2016-10-28,37050,37300,36500,36600,953,-1.0810810810810811
2016-10-31,38100,40850,36550,38000,31824,3.825136612021858
2016-11-01,38600,39900,37100,38450,13179,1.1842105263157896
2016-11-02,38200,38450,35500,36100,6557,-6.11183355006502
2016-11-03,33500,36050,33500,34700,5567,-3.8781163434903045
2016-11-04,34050,36400,34050,34800,5380,0.2881844380403458
2016-11-07,35500,36600,35050,36300,4192,4.310344827586207
2016-11-08,35900,37200,35150,35450,2079,-2.3415977961432506
2016-11-09,35600,35600,31300,32600,6776,-8.039492242595205
2016-11-10,33700,34300,33100,34300,1558,5.214723926380368
2016-11-11,35250,35250,33750,34450,910,0.43731778425655976
2016-11-14,35000,35000,34000,34450,2651,0.0
2016-11-15,35400,35400,34250,35200,1434,2.1770682148040637
2016-11-16,35200,35800,34300,34500,2239,-1.9886363636363635
2016-11-17,34000,34550,32300,33100,5622,-4.057971014492753
2016-11-18,33100,33150,32300,32600,3354,-1.5105740181268883
2016-11-21,32350,32600,31650,31900,2992,-2.147239263803681
2016-11-22,31900,32800,31800,31800,2521,-0.3134796238244514
2016-11-23,26300,27350,24400,26150,87790,-17.767295597484274
2016-11-24,26000,26500,25700,25800,14191,-1.338432122370937
2016-11-25,25650,26250,25100,25850,5423,0.1937984496124031
2016-11-28,26300,26300,25800,26000,5839,0.5802707930367506
2016-11-29,25950,26150,25750,25950,5908,-0.19230769230769232
2016-11-30,25950,26200,25800,26100,5253,0.5780346820809248
2016-12-01,26250,26300,25650,25850,7282,-0.9578544061302682
2016-12-02,26000,26000,25650,25700,1797,-0.5802707930367506
2016-12-05,26000,26000,24650,24950,3846,-2.9182879377431905
2016-12-06,24650,25300,24650,25200,1880,1.002004008016032
2016-12-07,24750,25600,24000,24850,3254,-1.3888888888888888
2016-12-08,25350,25350,24350,24650,2749,-0.8048289738430584
2016-12-09,24650,25450,24600,25100,4002,1.8255578093306288
2016-12-12,25000,25500,25000,25150,1736,0.199203187250996
2016-12-13,25350,27400,25350,26100,18724,3.7773359840954273
2016-12-14,26250,26300,25450,25950,2823,-0.5747126436781609
2016-12-15,25550,26000,25550,25800,4426,-0.5780346820809248
2016-12-16,26000,26250,25400,25950,3293,0.5813953488372093
2016-12-19,26000,26150,25600,25950,1640,0.0
2016-12-20,26000,27000,25750,26550,3852,2.312138728323699
2016-12-21,26700,27200,26600,26900,4539,1.3182674199623352
2016-12-22,27000,27350,26250,26600,4979,-1.1152416356877324
2016-12-23,26250,26750,26200,26700,1756,0.37593984962406013
2016-12-26,26950,27100,26450,26850,3907,0.5617977528089888
2016-12-27,27100,27100,26300,26600,2664,-0.931098696461825
2016-12-28,26150,26600,26050,26600,1402,0.0
2016-12-29,26650,26650,25900,26200,1848,-1.5037593984962405
2017-01-02,26050,26400,24050,25200,5040,-3.816793893129771
2017-01-03,25100,25750,25100,25550,1416,1.3888888888888888
2017-01-04,25550,25850,25250,25850,2719,1.1741682974559686
2017-01-05,25400,26400,25400,26250,6538,1.5473887814313347
2017-01-06,26450,26600,26050,26200,2731,-0.19047619047619047
2017-01-09,26200,26350,25800,26050,1033,-0.5725190839694656
2017-01-10,25950,25950,25600,25800,949,-0.9596928982725527
2017-01-11,25600,25950,25600,25800,2991,0.0
2017-01-12,26100,26100,25500,25700,1659,-0.3875968992248062
2017-01-13,25500,25700,25450,25700,2742,0.0
2017-01-16,25700,25700,25100,25550,1102,-0.5836575875486382
2017-01-17,25750,25750,25300,25550,1484,0.0
2017-01-18,25400,25550,25350,25550,1928,0.0
2017-01-19,25450,25900,25300,25550,2359,0.0
2017-01-20,25800,28200,25600,27500,27817,7.632093933463796
2017-01-23,28050,31500,27150,29900,36562,8.727272727272728
2017-01-24,29900,29900,27850,27900,12728,-6.688963210702341
2017-01-25,27900,28000,27150,27450,4296,-1.6129032258064515
2017-01-26,27900,27900,26700,26850,2178,-2.185792349726776
2017-01-31,27000,27850,26650,27850,1914,3.7243947858473
2017-02-01,28750,28750,27150,27750,1976,-0.3590664272890485
2017-02-02,27300,28350,27150,28200,2894,1.6216216216216217
2017-02-03,28350,34750,28350,31300,96385,10.99290780141844
2017-02-06,31300,31300,29100,30150,15848,-3.6741214057507987
2017-02-07,30150,30700,28600,30700,11266,1.8242122719734661
2017-02-08,30350,33100,30050,30600,32490,-0.32573289902280134
2017-02-09,30600,32900,30400,31350,9758,2.450980392156863
2017-02-10,31900,31900,30650,31350,4309,0.0
2017-02-13,30500,30500,29200,30000,6605,-4.30622009569378
2017-02-14,30000,30300,29200,30300,5228,1.0
2017-02-15,30600,30950,29950,30400,2065,0.33003300330033003
2017-02-16,30450,30450,29400,29600,3040,-2.631578947368421
2017-02-17,30200,31250,29300,30850,8403,4.222972972972973
2017-02-20,30950,30950,29200,29600,6735,-4.051863857374392
2017-02-21,29350,30200,29350,29450,1638,-0.5067567567567568
2017-02-22,29150,29800,29050,29400,2684,-0.1697792869269949
2017-02-23,29050,29300,29000,29250,2089,-0.5102040816326531
2017-02-24,29750,29750,28900,29150,851,-0.3418803418803419
2017-02-27,29150,29150,28500,28750,1871,-1.3722126929674099
2017-02-28,28850,29300,27950,28050,4077,-2.4347826086956523
2017-03-02,27850,27900,26500,26650,6079,-4.991087344028521
2017-03-03,26650,27400,25650,26000,6207,-2.4390243902439024
2017-03-06,25650,26900,25650,25950,3082,-0.19230769230769232
2017-03-07,25950,28300,25950,26950,4504,3.8535645472061653
2017-03-08,27050,28000,26700,27400,1769,1.6697588126159555
2017-03-09,28750,28750,27100,27700,1917,1.094890510948905
2017-03-10,28100,28800,26900,27250,4327,-1.6245487364620936
2017-03-13,27000,27500,26750,27000,1429,-0.9174311926605505
2017-03-14,27000,27300,26700,26800,1813,-0.7407407407407408
2017-03-15,26450,27300,26450,26600,2640,-0.7462686567164178
2017-03-16,26900,27800,26200,27100,4727,1.8796992481203008
2017-03-17,27100,27200,26700,27150,1635,0.18450184501845018
2017-03-20,27150,27400,26600,27200,1663,0.1841620626151013
2017-03-21,27150,27200,26300,26400,2449,-2.941176470588235
2017-03-22,26100,26550,26000,26150,1987,-0.946969696969697
2017-03-23,26250,26800,26000,26300,4232,0.5736137667304015
2017-03-24,26050,27450,26000,26400,1900,0.38022813688212925
2017-03-27,26400,26600,26050,26050,1509,-1.3257575757575757
2017-03-28,26200,27150,26050,27000,1950,3.6468330134357005
2017-03-29,27000,27900,26600,27850,3944,3.148148148148148
2017-03-30,29000,29800,27350,27700,4851,-0.5385996409335727
2017-03-31,27700,28550,26950,27200,3494,-1.8050541516245486
2017-04-03,27200,27700,27050,27250,1560,0.1838235294117647
2017-04-04,27000,27600,26550,26950,2141,-1.1009174311926606
2017-04-05,26900,27300,26550,26800,1461,-0.5565862708719851
2017-04-06,26600,27500,26500,26600,2865,-0.7462686567164178
2017-04-07,26600,27000,26500,26750,506,0.5639097744360901
2017-04-10,26750,26750,26000,26050,3124,-2.6168224299065423
2017-04-11,26900,26900,26050,26100,233,0.19193857965451055
2017-04-12,26000,26400,26000,26100,480,0.0
2017-04-13,26100,26450,26000,26100,740,0.0
2017-04-14,26100,26700,26100,26150,341,0.19157088122605362
2017-04-17,26100,26700,26100,26650,1054,1.9120458891013385
2017-04-18,26550,26800,26300,26600,180,-0.18761726078799248
2017-04-19,26500,26500,26000,26100,1037,-1.8796992481203008
2017-04-20,25800,26000,24350,25950,2901,-0.5747126436781609
2017-04-21,25550,26000,25550,25950,1671,0.0
2017-04-24,25550,26250,25500,25500,679,-1.7341040462427744
2017-04-25,26250,26250,25000,25000,3286,-1.9607843137254901
2017-04-26,25200,26000,25000,25750,3014,3.0
2017-04-27,25750,26300,25350,25750,522,0.0
2017-04-28,25750,26000,25200,25650,1748,-0.3883495145631068
2017-05-02,25500,25500,24850,25000,2389,-2.53411306042885
2017-05-04,24600,25450,24500,24700,1787,-1.2
2017-05-08,25150,25150,24450,24650,3711,-0.20242914979757085
2017-05-10,24650,25100,24550,24650,1178,0.0
2017-05-11,24600,25400,24600,25300,1482,2.636916835699797
2017-05-12,25300,25300,24800,25050,507,-0.9881422924901186
2017-05-15,24750,25000,24650,24800,1173,-0.998003992015968
2017-05-16,24800,24800,23700,23900,8582,-3.6290322580645165
2017-05-17,24400,24400,23500,23650,6058,-1.0460251046025104
2017-05-18,23450,24200,23250,23600,1900,-0.21141649048625794
2017-05-19,23600,24450,23600,24450,1456,3.6016949152542375
2017-05-22,24250,24750,24250,24450,1752,0.0
2017-05-23,24150,25000,24150,24950,2671,2.044989775051125
2017-05-24,24950,25100,24500,24850,797,-0.4008016032064128
2017-05-25,24850,25200,24700,24850,2552,0.0
2017-05-26,24850,24850,24350,24700,1183,-0.6036217303822937
2017-05-29,24700,25300,24550,24800,1809,0.4048582995951417
2017-05-30,24700,24850,24500,24700,1430,-0.4032258064516129
2017-05-31,24800,24850,24400,24700,1987,0.0
2017-06-01,24400,25100,24400,25100,2941,1.6194331983805668
2017-06-02,25100,25500,24950,25500,3270,1.593625498007968
2017-06-05,25900,25950,25200,25200,1783,-1.1764705882352942
2017-06-07,25500,25500,25150,25450,1426,0.992063492063492
2017-06-08,25500,26000,25200,25200,1392,-0.9823182711198428
2017-06-09,25450,26000,24700,25450,1580,0.992063492063492
2017-06-12,25250,25700,24800,24850,1324,-2.357563850687623
2017-06-13,24600,25000,24100,24850,1807,0.0
2017-06-14,24350,24900,24200,24450,2825,-1.6096579476861168
2017-06-15,24450,24800,24450,24600,1093,0.6134969325153374
2017-06-16,24500,25150,24500,25000,2111,1.6260162601626018
2017-06-19,25000,25700,24800,24900,1464,-0.4
2017-06-20,24800,25300,24800,25250,1731,1.4056224899598393
2017-06-21,24850,25250,24850,25100,504,-0.594059405940594
2017-06-22,24900,26000,24900,25200,1636,0.398406374501992
2017-06-23,25100,25900,25050,25400,725,0.7936507936507936
2017-06-26,25550,25850,25350,25400,1750,0.0
2017-06-27,25300,25700,25250,25250,846,-0.5905511811023622
2017-06-28,25200,25300,25100,25100,2268,-0.594059405940594
2017-06-29,25250,25350,24900,25200,1293,0.398406374501992
2017-06-30,25000,25350,25000,25300,331,0.3968253968253968
2017-07-03,25050,25500,24650,24700,2387,-2.371541501976284
2017-07-04,24600,24950,24550,24650,1127,-0.20242914979757085
2017-07-05,24450,24800,24450,24600,419,-0.2028397565922921
2017-07-06,24500,24750,24350,24500,832,-0.40650406504065045
2017-07-07,24500,24550,24200,24300,3638,-0.8163265306122449
2017-07-10,24300,24950,24100,24100,941,-0.823045267489712
2017-07-11,24100,24750,23800,24200,2332,0.4149377593360996
2017-07-12,24000,24650,23900,23950,595,-1.0330578512396695
2017-07-13,23800,24450,23700,23950,1448,0.0
2017-07-14,24000,24000,23750,24000,710,0.20876826722338201
2017-07-17,23750,24000,23650,24000,591,0.0
2017-07-18,23700,24450,23500,23950,1954,-0.20833333333333334
2017-07-19,23650,24350,23650,23950,1106,0.0
2017-07-20,23850,24500,23750,24300,1298,1.4613778705636742
2017-07-21,23900,24300,23700,23700,4422,-2.4691358024691357
2017-07-24,23700,24450,23350,23600,1523,-0.42194092827004215
2017-07-25,23650,23700,23350,23450,1080,-0.6355932203389831
2017-07-26,23350,23450,23200,23250,2075,-0.8528784648187633
2017-07-27,23250,23700,22800,22950,6823,-1.2903225806451613
2017-07-28,22750,22750,22200,22250,3535,-3.0501089324618738
2017-07-31,22200,22900,21850,21850,1648,-1.7977528089887642
2017-08-01,21900,22200,21150,22100,6802,1.1441647597254003
2017-08-02,22000,22150,21600,21950,1481,-0.6787330316742082
2017-08-03,21950,22100,21500,22100,2476,0.683371298405467
2017-08-04,21650,23050,21500,22650,2614,2.48868778280543
2017-08-07,22650,23000,22400,22650,734,0.0
2017-08-08,22500,22950,22050,22900,971,1.1037527593818985
2017-08-09,22900,22900,22200,22600,678,-1.3100436681222707
2017-08-10,22600,23100,22000,22950,4364,1.5486725663716814
2017-08-11,22700,23000,22200,22600,3731,-1.5250544662309369
2017-08-14,22500,22700,22400,22600,409,0.0
2017-08-16,23150,23150,22200,22700,271,0.4424778761061947
2017-08-17,22450,23000,22150,22250,1888,-1.9823788546255507
2017-08-18,22350,22500,22100,22500,190,1.1235955056179776
2017-08-21,22950,22950,22150,22450,275,-0.2222222222222222
2017-08-22,22250,22700,22200,22200,382,-1.1135857461024499
2017-08-23,22200,22250,22050,22050,141,-0.6756756756756757
2017-08-24,21800,22150,21800,22100,787,0.22675736961451248
2017-08-25,22400,22400,21450,21500,6089,-2.7149321266968327
2017-08-28,21600,23000,21600,22100,2680,2.7906976744186047
2017-08-29,21850,22400,21800,22300,639,0.904977375565611
2017-08-30,22300,22900,22300,22800,1380,2.242152466367713
2017-08-31,23200,23200,22450,22800,900,0.0
2017-09-01,23200,23300,22600,22900,3324,0.43859649122807015
2017-09-04,22200,22700,22200,22450,209,-1.9650655021834063
2017-09-05,22450,22650,22400,22600,138,0.6681514476614699
2017-09-06,22600,22600,22200,22450,282,-0.6637168141592921
2017-09-07,22200,22800,22200,22650,1208,0.8908685968819599
2017-09-08,22300,22650,22250,22250,414,-1.7660044150110374
2017-09-11,22250,22700,22200,22600,111,1.5730337078651686
2017-09-12,22550,22600,22150,22550,193,-0.22123893805309736
2017-09-13,22600,22600,22050,22450,1381,-0.4434589800443459
2017-09-14,22100,22950,22000,22050,1247,-1.7817371937639197
2017-09-15,22050,22300,21850,22200,579,0.6802721088435374
2017-09-18,21050,22200,21050,22200,972,0.0
2017-09-19,22500,22500,21150,21400,2848,-3.6036036036036037
2017-09-20,21200,21650,21200,21600,315,0.9345794392523363
2017-09-21,21350,21600,20800,21400,1049,-0.9259259259259258
2017-09-22,21250,21450,21000,21350,795,-0.23364485981308408
2017-09-25,21000,21350,20200,20900,343,-2.107728337236534
2017-09-26,20200,20650,20050,20650,485,-1.1961722488038278
2017-09-27,21000,21000,20200,20950,806,1.4527845036319613
2017-09-28,20900,22900,20700,21000,432,0.23866348448687352
2017-09-29,20900,21350,20600,21000,190,0.0
2017-10-10,21400,22700,21300,21350,134,1.6666666666666667
2017-10-11,21600,21600,21200,21350,250,0.0
2017-10-12,21050,21450,20800,21250,237,-0.468384074941452
2017-10-13,20850,21250,20150,20150,2495,-5.176470588235294
2017-10-16,20150,21000,20050,20050,882,-0.49627791563275436
2017-10-17,20050,20300,19950,20050,1630,0.0
2017-10-18,20000,20100,19850,20000,906,-0.24937655860349126
2017-10-19,19900,20050,19900,20000,243,0.0
2017-10-20,20000,20900,19950,20900,468,4.5
2017-10-23,20900,20900,20200,20500,487,-1.9138755980861244
2017-10-24,20500,20500,20200,20500,349,0.0
2017-10-25,20650,21600,20300,20650,505,0.7317073170731708
2017-10-26,20450,21500,20450,20450,698,-0.9685230024213075
2017-10-27,20950,20950,20400,20700,119,1.2224938875305624
2017-10-30,20400,20800,20200,20550,854,-0.7246376811594203
2017-10-31,20200,20550,20150,20200,1757,-1.70316301703163
2017-11-01,20300,20500,19650,19750,1735,-2.2277227722772275
2017-11-02,19800,20250,19750,19800,782,0.25316455696202533
2017-11-03,19650,23800,19650,20700,8818,4.545454545454546
2017-11-06,20600,20700,20200,20700,595,0.0
2017-11-07,20700,21350,20700,21250,706,2.657004830917874
2017-11-08,21300,21500,20650,20750,1645,-2.3529411764705883
2017-11-09,22000,22000,20950,21050,46555,1.4457831325301205
2017-11-10,21200,21500,21100,21150,665,0.4750593824228029
2017-11-13,21150,21300,20250,20700,1076,-2.127659574468085
2017-11-14,20700,21300,20700,20700,213,0.0
2017-11-15,20400,20900,20200,20250,763,-2.1739130434782608
2017-11-16,20400,21000,20400,21000,583,3.7037037037037033
2017-11-17,20650,21500,20650,21500,999,2.380952380952381
2017-11-20,21800,21800,21150,21200,208,-1.3953488372093024
2017-11-21,20950,21550,20800,20900,1882,-1.4150943396226416
2017-11-22,20550,20850,20500,20800,931,-0.4784688995215311
2017-11-23,20800,21900,20700,21400,1856,2.8846153846153846
2017-11-24,21700,21700,20950,21300,919,-0.46728971962616817
2017-11-27,21300,21850,21200,21300,807,0.0
2017-11-28,21900,21900,21250,21350,796,0.2347417840375587
2017-11-29,21900,22600,21350,22400,1412,4.918032786885246
2017-11-30,22400,22700,22050,22300,491,-0.4464285714285714
2017-12-01,22000,23400,21200,21250,2860,-4.708520179372197
2017-12-04,21950,21950,20950,21300,608,0.2352941176470588
2017-12-05,21250,21600,20600,21100,1536,-0.9389671361502347
2017-12-06,20850,21100,20500,20700,3405,-1.8957345971563981
2017-12-07,20650,21050,20500,20700,1170,0.0
2017-12-08,20600,20850,20350,20400,742,-1.4492753623188406
2017-12-11,20600,20600,20250,20400,183,0.0
2017-12-12,20550,20650,20200,20300,248,-0.49019607843137253
2017-12-13,20100,20400,20100,20350,712,0.24630541871921183
2017-12-14,20150,20350,19950,20250,998,-0.4914004914004914
2017-12-15,20400,20400,20000,20200,786,-0.24691358024691357
2017-12-18,20450,20500,19950,20150,1085,-0.24752475247524752
2017-12-19,19950,20150,19550,19550,2411,-2.977667493796526
2017-12-20,20000,20000,19500,19650,1200,0.5115089514066496
2017-12-21,19900,20050,19600,19700,539,0.2544529262086514
2017-12-22,19850,20150,19500,19800,436,0.5076142131979695
2017-12-26,19900,19900,19600,19750,1138,-0.25252525252525254
2017-12-27,19850,19950,19550,19800,427,0.25316455696202533
2017-12-28,19250,19800,19250,19300,786,-2.525252525252525
2018-01-02,19350,19650,19000,19250,1689,-0.2590673575129534
2018-01-03,19300,19500,19000,19050,1497,-1.0389610389610389
2018-01-04,19100,19750,19100,19750,501,3.674540682414698
2018-01-05,19700,19700,19150,19250,1799,-2.5316455696202533
2018-01-08,19250,19450,19050,19300,1266,0.2597402597402597
2018-01-09,19150,19150,18750,18900,2901,-2.072538860103627
2018-01-10,19300,19300,18750,18800,3334,-0.5291005291005291
2018-01-11,18800,18800,18400,18400,2731,-2.127659574468085
2018-01-12,18400,19500,18350,18900,4631,2.717391304347826
2018-01-15,19250,19350,18650,18650,1052,-1.3227513227513228
2018-01-16,18650,18650,18400,18450,1040,-1.0723860589812333
2018-01-17,18650,18750,18400,18450,1486,0.0
2018-01-18,18400,18650,18400,18450,858,0.0
2018-01-19,18600,19100,18600,18600,1513,0.8130081300813009
2018-01-22,18800,18900,18550,18600,392,0.0
2018-01-23,18850,18900,18550,18700,741,0.5376344086021506
2018-01-24,18600,19500,18600,18850,738,0.8021390374331552
2018-01-25,18750,19550,18750,19550,2601,3.7135278514588856
2018-01-26,19400,20000,19400,19900,2614,1.7902813299232736
2018-01-29,19900,20800,19900,20350,576,2.261306532663317
2018-01-30,20100,20250,19600,19600,1259,-3.6855036855036856
2018-01-31,19500,20000,19500,19900,1408,1.530612244897959
2018-02-01,20650,20650,19600,20000,2199,0.5025125628140703
2018-02-02,19950,20250,19850,20000,845,0.0
2018-02-05,19500,20000,18950,19600,2800,-2.0
2018-02-06,18700,19400,18700,19300,1112,-1.530612244897959
2018-02-07,19100,19600,19100,19200,1260,-0.5181347150259068
2018-02-08,19050,19450,18900,19200,302,0.0
2018-02-09,19000,19600,18900,19600,640,2.083333333333333
2018-02-12,19600,19600,18950,19000,1791,-3.061224489795918
2018-02-13,18900,19350,18900,19200,217,1.0526315789473684
2018-02-14,19200,19450,18900,19100,462,-0.5208333333333333
2018-02-19,19100,19300,18900,19250,617,0.7853403141361256
2018-02-20,19250,19650,18750,18900,1703,-1.8181818181818181
2018-02-21,19000,19200,18900,19000,1749,0.5291005291005291
2018-02-22,18900,20250,18900,19750,7572,3.9473684210526314
2018-02-23,19600,20100,19350,19450,1450,-1.5189873417721518
2018-02-26,19450,20100,19450,19550,2996,0.5141388174807198
2018-02-27,19900,19900,19550,19850,1033,1.5345268542199488
2018-02-28,19950,20950,19700,20050,4606,1.0075566750629723
2018-03-02,20050,20450,19850,20200,2152,0.7481296758104738
2018-03-05,20750,21550,20050,21300,4756,5.445544554455446
2018-03-06,21400,22000,21100,21250,3476,-0.2347417840375587
2018-03-07,21150,21800,20200,20500,3345,-3.5294117647058822
2018-03-08,20750,20750,20050,20100,826,-1.951219512195122
2018-03-09,19800,20450,19500,20250,4689,0.7462686567164178
2018-03-12,20250,20800,20000,20050,3524,-0.9876543209876543
2018-03-13,20400,20550,20100,20350,651,1.4962593516209477
2018-03-14,20500,20500,20000,20050,1403,-1.4742014742014742
2018-03-15,20050,20600,19900,20050,1268,0.0
2018-03-16,20150,20850,20000,20750,3854,3.4912718204488775
2018-03-19,20950,20950,20350,20550,695,-0.9638554216867471
2018-03-20,21000,21000,20250,20500,701,-0.24330900243309003
2018-03-21,20500,20700,20000,20150,4654,-1.707317073170732
2018-03-22,20050,20250,19950,19950,1947,-0.9925558312655087
2018-03-23,19800,20150,19600,19800,822,-0.7518796992481203
2018-03-26,19600,20300,19450,19800,649,0.0
2018-03-27,19650,20200,19650,20100,284,1.5151515151515151
2018-03-28,20000,20700,19850,20300,832,0.9950248756218906
2018-03-29,20150,20500,20150,20350,250,0.24630541871921183
2018-03-30,20200,20800,20200,20550,742,0.9828009828009828
2018-04-02,20000,20500,20000,20250,1969,-1.4598540145985401
2018-04-03,20050,20450,20050,20250,393,0.0
2018-04-04,20300,20350,20050,20300,952,0.24691358024691357
2018-04-05,20300,20500,20050,20400,909,0.49261083743842365
2018-04-06,20350,20400,20000,20350,745,-0.24509803921568626
2018-04-09,20150,20300,19950,20200,820,-0.7371007371007371
2018-04-10,20300,20300,19800,20000,3241,-0.9900990099009901
2018-04-11,20000,20300,19800,20000,806,0.0
2018-04-12,20200,20200,19800,20000,3607,0.0
2018-04-13,19850,20050,19800,20050,1109,0.25
2018-04-16,20050,20250,19800,20000,816,-0.24937655860349126
2018-04-17,20100,20450,19900,20050,503,0.25
2018-04-18,20450,20450,19800,20000,3171,-0.24937655860349126
2018-04-19,20050,20300,19700,19950,5902,-0.25
2018-04-20,20100,20100,19800,19850,1327,-0.5012531328320802
2018-04-23,19900,20800,19900,20800,7622,4.785894206549118
2018-04-24,20800,21750,20650,21450,3995,3.125
2018-04-25,21450,21850,21100,21850,2758,1.8648018648018647
2018-04-26,21800,21850,21450,21700,1407,-0.6864988558352403
2018-04-27,21650,21700,21100,21300,944,-1.8433179723502304
2018-04-30,21300,21300,20500,20950,2285,-1.643192488262911
2018-05-02,20950,21550,20650,20750,4360,-0.9546539379474941
2018-05-03,20750,21850,20750,21700,4035,4.578313253012048
2018-05-04,22000,28200,22000,28200,73570,29.953917050691242
2018-05-08,26000,28150,24800,25400,88909,-9.929078014184398
2018-05-09,26450,31000,24000,25750,139390,1.3779527559055118
2018-05-10,25750,29900,25750,27800,50111,7.961165048543689
2018-05-11,28450,28800,27100,27500,21221,-1.079136690647482
2018-05-14,27500,28000,26100,27500,18074,0.0
2018-05-15,27450,27600,26650,27200,10228,-1.090909090909091
2018-05-16,26000,26150,23800,24300,21587,-10.661764705882353
2018-05-17,24300,25400,24100,24450,7799,0.6172839506172839
2018-05-18,25000,25000,23550,24000,7655,-1.8404907975460123
2018-05-21,24000,24500,23800,24250,5157,1.0416666666666665
2018-05-23,24100,28250,24050,26100,44729,7.628865979381444
2018-05-24,25850,26100,24750,25400,9824,-2.681992337164751
2018-05-25,23500,24050,22700,23600,12826,-7.086614173228346
2018-05-28,24600,26800,24550,25600,19577,8.47457627118644
2018-05-29,26050,26050,24750,25400,6075,-0.78125
2018-05-30,24750,26950,24000,26500,18980,4.330708661417323
2018-05-31,26750,26800,25500,25600,6994,-3.3962264150943398
2018-06-01,25800,27100,25300,25600,6379,0.0
2018-06-04,25600,25950,24950,25500,3644,-0.390625
2018-06-05,25450,25800,24850,25800,3656,1.1764705882352942
2018-06-07,25900,26250,24900,25150,2329,-2.5193798449612403
2018-06-08,25050,25100,24450,24500,2084,-2.584493041749503
2018-06-11,24500,25350,24150,25200,2493,2.857142857142857
2018-06-12,25200,25400,24700,25200,2395,0.0
2018-06-14,26000,28900,25850,26600,37125,5.555555555555555
2018-06-15,26400,27000,25750,26350,7806,-0.9398496240601504
2018-06-18,25700,25850,24200,24700,8266,-6.261859582542694
2018-06-19,24250,24300,22550,23150,6547,-6.275303643724696
2018-06-20,22700,24350,22700,23200,3882,0.21598272138228944
2018-06-21,23900,24100,22850,23000,1365,-0.8620689655172413
2018-06-22,23000,23700,22250,23300,2725,1.3043478260869565
2018-06-25,23500,23600,22550,23400,2648,0.4291845493562232
2018-06-26,23150,23150,22250,22400,2117,-4.273504273504273
2018-06-27,22400,23300,21900,22650,3689,1.1160714285714286
2018-06-28,23150,23150,21900,22650,1442,0.0
2018-06-29,22500,22950,22100,22950,1353,1.3245033112582782
2018-07-02,22550,23450,21600,22150,3086,-3.485838779956427
2018-07-03,22150,22950,21600,22000,2416,-0.6772009029345373
2018-07-04,23250,23250,22200,22550,4040,2.5
2018-07-05,22250,22800,21900,22750,1302,0.8869179600886918
2018-07-06,22750,22750,22150,22750,1714,0.0
2018-07-09,22750,22750,21800,21850,1618,-3.9560439560439558
2018-07-10,21850,22500,21850,21900,480,0.2288329519450801
2018-07-11,21700,22350,21650,22150,581,1.141552511415525
2018-07-12,21950,22650,21950,22650,340,2.2573363431151243
2018-07-13,22900,23450,22550,22600,862,-0.22075055187637968
2018-07-16,22650,22650,22400,22450,247,-0.6637168141592921
2018-07-17,22450,22450,22050,22450,590,0.0
2018-07-18,22250,22300,21750,21900,1168,-2.4498886414253898
2018-07-19,21550,21550,20900,21250,2450,-2.968036529680365
2018-07-20,21050,22700,20700,20700,1706,-2.588235294117647
2018-07-23,20700,21550,20000,20300,3651,-1.932367149758454
2018-07-24,20000,20700,20000,20500,1834,0.9852216748768473
2018-07-25,20450,20850,20200,20300,515,-0.975609756097561
2018-07-26,20450,20500,20050,20150,722,-0.7389162561576355
2018-07-27,20000,20850,19950,20600,1587,2.2332506203473943
2018-07-30,20850,20950,20150,20250,1017,-1.6990291262135921
2018-07-31,20150,20900,20150,20400,1688,0.7407407407407408
2018-08-01,20500,20800,20500,20750,504,1.715686274509804
2018-08-02,20250,21200,20250,20500,955,-1.2048192771084338
2018-08-03,20300,21000,20300,20900,2107,1.951219512195122
2018-08-06,21450,25050,20900,22100,49890,5.741626794258373
2018-08-07,22150,22300,21300,21600,4817,-2.262443438914027
2018-08-08,21600,22850,21350,21500,9645,-0.4629629629629629
2018-08-09,21400,22250,21400,21850,1204,1.627906976744186
2018-08-10,22100,22800,21500,21500,1321,-1.6018306636155606
2018-08-13,21500,22450,21100,21550,868,0.23255813953488372
2018-08-14,21550,21850,21150,21450,244,-0.46403712296983757
2018-08-16,21450,21450,20900,21200,1904,-1.1655011655011656
2018-08-17,21050,21850,21050,21850,1156,3.0660377358490565
2018-08-20,21850,22000,21450,21500,1105,-1.6018306636155606
2018-08-21,21300,22100,21300,21500,781,0.0
2018-08-22,22000,22000,21350,21850,741,1.627906976744186
2018-08-23,21750,22000,21550,21750,1229,-0.4576659038901602
2018-08-24,21900,22100,21600,21600,852,-0.6896551724137931
2018-08-27,21600,21950,21600,21750,235,0.6944444444444444
2018-08-28,21950,21950,21500,21700,1844,-0.22988505747126436
2018-08-29,21800,21800,21100,21400,1919,-1.3824884792626728
2018-08-30,21400,21650,21200,21550,1254,0.7009345794392523
2018-08-31,21500,21550,21000,21000,4044,-2.5522041763341066
2018-09-03,21000,21950,21000,21000,1420,0.0
2018-09-04,21450,21800,21100,21500,1268,2.380952380952381
2018-09-05,21700,21700,21350,21500,891,0.0
2018-09-06,22900,24000,21550,22100,11301,2.7906976744186047
2018-09-07,21950,22550,21900,22050,1702,-0.22624434389140274
2018-09-10,21900,23000,21900,22400,2855,1.5873015873015872
2018-09-11,22500,22500,21750,22200,2720,-0.8928571428571428
2018-09-12,22100,22100,21650,22050,887,-0.6756756756756757
2018-09-13,21800,22250,21800,22050,799,0.0
2018-09-14,22500,22700,21950,22400,3963,1.5873015873015872
2018-09-17,22350,22650,22150,22500,876,0.4464285714285714
2018-09-18,22200,22450,21500,22250,1862,-1.1111111111111112
2018-09-19,22250,22250,21950,21950,423,-1.348314606741573
2018-09-20,21950,23700,21950,22100,3559,0.683371298405467
2018-09-21,22500,22500,22150,22250,211,0.6787330316742082
2018-09-27,22250,22650,22000,22200,2065,-0.22471910112359553
2018-09-28,22200,22300,22050,22200,1249,0.0
2018-10-01,22200,22450,22000,22450,932,1.1261261261261262
2018-10-02,22100,22350,21800,21800,1463,-2.89532293986637
2018-10-04,21800,22150,21450,21550,1047,-1.146788990825688
2018-10-05,21250,21600,20950,21100,3011,-2.088167053364269
2018-10-08,21100,21300,20950,21050,724,-0.23696682464454977
2018-10-10,21100,24400,21100,21550,25596,2.375296912114014
2018-10-11,21250,21250,19500,19500,6526,-9.51276102088167
2018-10-12,19350,20100,18800,20000,3420,2.564102564102564
2018-10-15,19500,20000,19500,19850,886,-0.75
2018-10-16,19700,20400,19700,20100,514,1.2594458438287155
2018-10-17,20050,20750,19650,20200,1581,0.4975124378109453
2018-10-18,19950,20150,19700,19750,723,-2.2277227722772275
2018-10-19,19750,20300,19350,19950,445,1.0126582278481013
2018-10-22,19800,20300,19400,19450,4267,-2.506265664160401
2018-10-23,19450,19500,18850,18850,2322,-3.0848329048843186
2018-10-24,18850,19100,18600,18750,2513,-0.5305039787798408
2018-10-25,18450,18500,17750,17850,4227,-4.8
2018-10-26,17950,18400,16500,17150,6882,-3.9215686274509802
2018-10-29,17150,17800,15800,15950,3326,-6.997084548104956
2018-10-30,15950,16400,15750,16400,1038,2.8213166144200628
2018-10-31,16400,17500,16400,17150,1323,4.573170731707317
2018-11-01,16950,17750,16700,17550,4589,2.3323615160349855
2018-11-02,17200,17600,17200,17550,5588,0.0
2018-11-05,17550,17850,17200,17400,849,-0.8547008547008548
2018-11-06,17250,17400,17150,17200,748,-1.1494252873563218
2018-11-07,17200,17450,16700,16750,1028,-2.616279069767442
2018-11-08,16800,17600,16750,17050,1516,1.791044776119403
2018-11-09,17000,17450,17000,17450,874,2.346041055718475
2018-11-12,17400,17400,17000,17350,301,-0.5730659025787965
2018-11-13,16950,17250,16950,17200,1226,-0.8645533141210375
2018-11-14,17200,17200,16650,17200,2748,0.0
2018-11-15,17000,17150,16900,17050,607,-0.872093023255814
2018-11-16,17050,17500,17050,17400,297,2.0527859237536656
2018-11-19,17400,17550,17000,17200,1592,-1.1494252873563218
2018-11-20,17050,17350,17000,17200,467,0.0
2018-11-21,16850,17550,16850,17350,744,0.872093023255814
2018-11-22,17700,17700,17100,17450,1494,0.5763688760806917
2018-11-23,17750,17750,17200,17350,745,-0.5730659025787965
2018-11-26,17350,17550,17150,17350,260,0.0
2018-11-27,17150,17550,17150,17450,117,0.5763688760806917
2018-11-28,17450,17500,17100,17450,186,0.0
2018-11-29,17300,17900,17200,17450,616,0.0
2018-11-30,17450,17450,17200,17250,307,-1.146131805157593
2018-12-03,17500,17500,17050,17450,1180,1.1594202898550725
2018-12-04,17550,18100,17200,17900,1283,2.5787965616045847
2018-12-05,17700,18150,17600,18100,1552,1.1173184357541899
2018-12-06,18100,18100,17800,18050,618,-0.2762430939226519
2018-12-07,17800,18200,17800,17900,324,-0.8310249307479225
2018-12-10,17850,17850,17100,17100,1011,-4.4692737430167595
2018-12-11,17000,17450,16950,16950,2677,-0.8771929824561403
2018-12-12,17100,17800,17050,17800,1393,5.014749262536873
2018-12-13,17800,17800,17350,17350,903,-2.528089887640449
2018-12-14,17150,17350,17150,17200,331,-0.8645533141210375
2018-12-17,17200,17200,16900,17200,870,0.0
2018-12-18,17150,17150,16850,16850,923,-2.0348837209302326
2018-12-19,16700,17000,16700,16850,643,0.0
2018-12-20,16800,16900,16800,16900,100,0.2967359050445104
2018-12-21,16800,17050,16800,17050,161,0.8875739644970414
2018-12-24,17050,17150,16700,16850,1969,-1.1730205278592376
2018-12-26,16750,18400,16450,17100,4297,1.483679525222552
2018-12-27,17100,17600,16650,16850,2940,-1.461988304093567
2018-12-28,16850,17600,16850,17150,314,1.7804154302670623
2019-01-02,17300,17600,16900,16950,702,-1.1661807580174928
2019-01-03,16950,17200,16750,16850,2227,-0.5899705014749262
2019-01-04,16750,16950,16700,16850,580,0.0
2019-01-07,16700,17000,16700,17000,184,0.8902077151335311
2019-01-08,17000,17200,16700,17200,1410,1.1764705882352942
2019-01-09,17200,17350,17050,17300,371,0.5813953488372093
2019-01-10,17200,17350,17200,17350,5948,0.2890173410404624
2019-01-11,16750,17550,16750,17550,573,1.1527377521613833
2019-01-14,17450,18850,17450,18100,3852,3.133903133903134
2019-01-15,18300,18900,18150,18350,4583,1.3812154696132597
2019-01-16,18500,20750,18400,18850,54167,2.7247956403269753
2019-01-17,18850,19450,18550,18750,5049,-0.5305039787798408
2019-01-18,18600,19200,18200,18600,4248,-0.8
2019-01-21,18600,18650,18200,18500,1819,-0.5376344086021506
2019-01-22,18400,18650,18200,18400,1120,-0.5405405405405406
2019-01-23,18400,19350,18150,18200,9646,-1.0869565217391304
2019-01-24,18200,18700,18000,18400,5396,1.098901098901099
2019-01-25,18300,18500,18300,18450,1426,0.2717391304347826
2019-01-28,18200,18800,18150,18400,2321,-0.27100271002710025
2019-01-29,18400,18550,18250,18550,538,0.8152173913043478
2019-01-30,18500,18800,18350,18600,1278,0.2695417789757413
2019-01-31,18700,18800,18350,18350,1700,-1.3440860215053763
2019-02-01,18350,18500,18300,18400,771,0.2724795640326975
2019-02-07,18400,18650,18200,18600,1490,1.0869565217391304
2019-02-08,18500,18600,18250,18400,1231,-1.0752688172043012
2019-02-11,18400,18850,18200,18850,1310,2.4456521739130435
2019-02-12,18500,18900,18400,18450,893,-2.122015915119363
2019-02-13,18450,18700,18400,18600,832,0.8130081300813009
2019-02-14,18600,18700,18550,18650,427,0.2688172043010753
2019-02-15,18750,19250,18600,19050,2630,2.1447721179624666
2019-02-18,19050,19250,19050,19100,1224,0.26246719160104987
2019-02-19,19450,19450,18850,19000,1410,-0.5235602094240838
2019-02-20,19150,19150,18750,19050,1333,0.2631578947368421
2019-02-21,18750,19200,18700,18950,1597,-0.5249343832020997
2019-02-22,18850,19100,18800,19000,876,0.2638522427440633
2019-02-25,19150,19150,18750,19000,1615,0.0
2019-02-26,18950,19000,18800,18800,741,-1.0526315789473684
2019-02-27,18800,18850,18700,18750,284,-0.26595744680851063
2019-02-28,18750,18900,18500,18750,1582,0.0
2019-03-04,18850,18850,18250,18600,2020,-0.8
2019-03-05,18700,18700,18150,18400,1243,-1.0752688172043012
2019-03-06,18400,18400,17900,17900,1975,-2.717391304347826
2019-03-07,17800,18450,17700,17950,1091,0.27932960893854747
2019-03-08,17950,18100,17800,17950,454,0.0
2019-03-11,17850,18100,17750,17900,376,-0.2785515320334262
2019-03-12,18050,18050,17650,17800,1521,-0.5586592178770949
2019-03-13,17800,18300,17500,17800,2675,0.0
2019-03-14,17800,18250,17800,17900,645,0.5617977528089888
2019-03-15,17900,18000,17800,17850,450,-0.27932960893854747
2019-03-18,17950,18100,17850,17950,583,0.5602240896358543
2019-03-19,18100,18250,17850,18250,1104,1.6713091922005572
2019-03-20,18250,18250,17800,18050,1004,-1.095890410958904
2019-03-21,18050,18050,17700,17900,951,-0.8310249307479225
2019-03-22,18000,18250,17800,18250,214,1.9553072625698324
2019-03-25,18150,18150,17850,17900,444,-1.9178082191780823
2019-03-26,18050,18050,17850,18000,1438,0.5586592178770949
2019-03-27,18150,18150,17850,18000,163,0.0
2019-03-28,18000,18050,17800,17950,224,-0.2777777777777778
2019-03-29,18000,18000,17400,17600,2195,-1.9498607242339834
2019-04-01,17650,17700,17350,17350,1021,-1.4204545454545454
2019-04-02,17500,17750,17350,17350,1518,0.0
2019-04-03,17300,17600,17250,17550,2304,1.1527377521613833
2019-04-04,17500,17600,17400,17400,557,-0.8547008547008548
2019-04-05,17500,17800,17400,17650,1424,1.4367816091954022
2019-04-08,17650,17800,17550,17550,492,-0.56657223796034
2019-04-09,17700,17700,17400,17600,459,0.2849002849002849
2019-04-10,17600,17750,17450,17700,698,0.5681818181818182
2019-04-11,17850,17850,17650,17800,418,0.5649717514124294
2019-04-12,17800,18500,17700,18350,3324,3.089887640449438
2019-04-15,18500,18800,18300,18700,533,1.9073569482288828
2019-04-16,18600,18700,18400,18550,620,-0.8021390374331552
2019-04-17,18600,18850,18450,18650,2036,0.5390835579514826
2019-04-18,18700,18800,18300,18450,1656,-1.0723860589812333
2019-04-19,18450,18600,18350,18500,445,0.27100271002710025
2019-04-22,18600,18900,18450,18800,3230,1.6216216216216217
2019-04-23,18800,19000,18600,18700,952,-0.5319148936170213
2019-04-24,18700,19050,18600,18700,1531,0.0
2019-04-25,18650,18950,18400,18600,1359,-0.53475935828877
2019-04-26,18750,19100,18250,18850,3433,1.3440860215053763
2019-04-29,18850,19050,18700,18700,1120,-0.7957559681697612
2019-04-30,19050,19050,18500,18650,697,-0.267379679144385
2019-05-02,19050,19050,18250,18300,1558,-1.876675603217158
2019-05-03,18150,18600,18150,18300,259,0.0
2019-05-07,18100,18700,18050,18250,821,-0.273224043715847
2019-05-08,18250,18500,17850,17950,1939,-1.643835616438356
2019-05-09,17950,18450,17800,17950,1215,0.0
2019-05-10,18300,18300,17500,17900,1795,-0.2785515320334262
2019-05-13,17550,17900,17500,17500,477,-2.2346368715083798
2019-05-14,17100,17800,17100,17800,666,1.7142857142857144
2019-05-15,17800,17800,17400,17400,550,-2.247191011235955
2019-05-16,17800,18450,17400,17750,3832,2.0114942528735633
2019-05-17,18000,18000,17150,17350,4620,-2.2535211267605635
2019-05-20,17850,17850,17300,17350,380,0.0
2019-05-21,17400,17600,17100,17300,477,-0.2881844380403458
2019-05-22,17300,17600,17200,17200,1366,-0.5780346820809248
2019-05-23,17950,17950,17200,17200,164,0.0
2019-05-24,17200,17850,16950,17100,731,-0.5813953488372093
2019-05-27,17650,17750,17150,17650,64,3.216374269005848
2019-05-28,17550,17650,17150,17150,311,-2.8328611898017
2019-05-29,17250,17450,16750,16750,665,-2.3323615160349855
2019-05-30,16800,17150,16700,16900,909,0.8955223880597015
2019-05-31,16900,17450,16750,17050,960,0.8875739644970414
2019-06-03,17200,17200,16800,16800,462,-1.466275659824047
2019-06-04,16600,17750,16500,16850,2637,0.2976190476190476
2019-06-05,16650,16700,16400,16650,3289,-1.1869436201780417
2019-06-07,16450,16950,16450,16750,1600,0.6006006006006006
2019-06-10,16550,17300,16550,17200,1863,2.6865671641791042
2019-06-11,17000,17450,17000,17250,1898,0.29069767441860467
2019-06-12,17250,17500,17200,17500,422,1.4492753623188406
2019-06-13,17850,18000,17050,17400,2212,-0.5714285714285714
2019-06-14,17400,17800,16950,17150,2532,-1.4367816091954022
2019-06-17,17300,17300,17100,17150,503,0.0
2019-06-18,17400,17400,16950,17000,207,-0.8746355685131195
2019-06-19,16850,17300,16850,17050,378,0.29411764705882354
2019-06-20,17150,17150,16950,17100,701,0.2932551319648094
2019-06-21,17000,17500,17000,17200,370,0.5847953216374269
2019-06-24,17300,17300,16950,17000,1278,-1.1627906976744187
2019-06-25,17000,17300,16950,17300,1223,1.7647058823529411
2019-06-26,17100,17300,16850,17150,704,-0.8670520231213872
2019-06-27,17100,17500,17000,17150,1934,0.0
2019-06-28,17300,17300,17050,17250,361,0.5830903790087464
2019-07-01,17250,17450,17150,17350,1017,0.5797101449275363
2019-07-02,17400,17500,17050,17450,691,0.5763688760806917
2019-07-03,17450,17800,17050,17300,1102,-0.8595988538681949
2019-07-04,17250,17300,17150,17250,125,-0.2890173410404624
2019-07-05,17250,17250,17100,17100,201,-0.8695652173913043
2019-07-08,17100,17450,16600,16900,3554,-1.1695906432748537
2019-07-09,16900,17400,16600,17200,1110,1.7751479289940828
2019-07-10,17150,17950,16800,17000,1373,-1.1627906976744187
2019-07-11,17000,17350,16850,16950,367,-0.29411764705882354
2019-07-12,17250,17300,16800,16850,463,-0.5899705014749262
2019-07-15,16850,17200,16800,16850,139,0.0
2019-07-16,16850,17050,16700,16800,749,-0.2967359050445104
2019-07-17,16900,16900,16250,16750,3194,-0.2976190476190476
2019-07-18,16750,17500,16550,17400,1647,3.880597014925373
2019-07-19,17450,17450,16850,17050,14661,-2.0114942528735633
2019-07-22,17050,17200,16750,16950,759,-0.5865102639296188
2019-07-23,16950,17950,16950,17200,522,1.4749262536873156
2019-07-24,17350,17350,16750,16900,692,-1.744186046511628
2019-07-25,16700,16900,16650,16900,141,0.0
2019-07-26,16850,16900,16600,16850,743,-0.2958579881656805
2019-07-29,16850,16850,16250,16250,1574,-3.5608308605341246
2019-07-30,16250,16800,15950,16200,1613,-0.3076923076923077
2019-07-31,16200,16850,16050,16050,1705,-0.9259259259259258
2019-08-01,16050,16600,15800,16050,1544,0.0
2019-08-02,15800,15850,15600,15850,475,-1.2461059190031152
2019-08-05,15850,16450,15050,15150,952,-4.416403785488959
2019-08-06,14600,16550,14600,15350,1326,1.3201320132013201
2019-08-07,16450,16450,14900,15050,6354,-1.9543973941368076
2019-08-08,15450,15900,15200,15800,338,4.983388704318937
2019-08-09,15900,16450,15200,15200,1007,-3.79746835443038
2019-08-12,15200,15700,14850,15000,2494,-1.3157894736842104
2019-08-13,15000,15350,14100,14550,3204,-3.0
2019-08-14,14600,15900,14550,15250,4929,4.810996563573884
2019-08-16,15250,15250,14750,15100,596,-0.9836065573770493
2019-08-19,15100,15900,15000,15650,681,3.642384105960265
2019-08-20,15650,15850,15400,15600,726,-0.3194888178913738
2019-08-21,15600,15850,15500,15700,210,0.641025641025641
2019-08-22,15700,16000,15000,15450,5525,-1.5923566878980893
2019-08-23,15400,15400,15050,15400,2821,-0.3236245954692557
2019-08-26,15300,15600,14900,14900,689,-3.2467532467532463
2019-08-27,14700,15600,14700,14800,1487,-0.6711409395973155
2019-08-28,15000,15000,14550,14900,1266,0.6756756756756757
2019-08-29,14900,15250,14700,15100,508,1.342281879194631
2019-08-30,15200,16700,15100,15400,9325,1.9867549668874174
2019-09-02,15400,15900,15350,15700,1536,1.948051948051948
2019-09-03,15700,15950,15550,15550,1011,-0.9554140127388535
2019-09-04,15550,15950,15400,15650,2080,0.6430868167202572
2019-09-05,15650,16000,15650,15650,132,0.0
2019-09-06,15800,15900,15600,15600,623,-0.3194888178913738
2019-09-09,15600,16000,15600,15650,841,0.3205128205128205
2019-09-10,15800,16350,15550,16250,2730,3.8338658146964857
2019-09-11,16250,17200,16250,16850,3499,3.6923076923076925
2019-09-16,16850,16850,16600,16650,669,-1.1869436201780417
2019-09-17,16650,17000,16650,16850,707,1.2012012012012012
2019-09-18,16800,17000,16500,16700,2098,-0.8902077151335311
2019-09-19,16700,16700,16400,16600,312,-0.5988023952095809
2019-09-20,16600,17250,16500,16600,1886,0.0
2019-09-23,16950,17000,16550,17000,1527,2.4096385542168677
2019-09-24,16950,17300,16600,17000,586,0.0
2019-09-25,17200,17200,16600,16700,1549,-1.7647058823529411
2019-09-26,16500,16900,16400,16650,1294,-0.29940119760479045
2019-09-27,16800,16850,16400,16550,313,-0.6006006006006006
2019-09-30,16250,16550,16250,16500,103,-0.3021148036253776
2019-10-01,16250,16500,16050,16450,205,-0.30303030303030304
2019-10-02,16450,16950,16400,16900,649,2.735562310030395
2019-10-04,16950,17000,16450,16500,990,-2.366863905325444
2019-10-07,16650,16800,15950,15950,2816,-3.3333333333333335
2019-10-08,16000,16300,15850,16250,1661,1.8808777429467085
2019-10-10,16200,16400,16100,16150,385,-0.6153846153846154
2019-10-11,16150,16150,15800,16100,897,-0.30959752321981426
2019-10-14,15850,16100,15800,16100,170,0.0
2019-10-15,16100,16600,15800,16450,242,2.1739130434782608
2019-10-16,16300,16900,16150,16350,682,-0.60790273556231
2019-10-17,16300,17000,16300,16600,96,1.529051987767584
2019-10-18,16800,16850,16600,16800,101,1.2048192771084338
2019-10-21,16450,17000,16000,16800,389,0.0
2019-10-22,16850,16850,16450,16500,327,-1.7857142857142856
2019-10-23,16500,16750,15850,16050,2656,-2.727272727272727
2019-10-24,16150,16400,16050,16400,236,2.1806853582554515
2019-10-25,16400,16650,16150,16550,756,0.9146341463414633
2019-10-28,16550,16650,16450,16600,759,0.3021148036253776
2019-10-29,16850,16850,16400,16700,880,0.6024096385542169
2019-10-30,16700,16700,16550,16700,409,0.0
2019-10-31,16700,16950,16050,16750,514,0.29940119760479045
2019-11-01,16750,16750,16400,16500,496,-1.4925373134328357
2019-11-04,16500,16600,16350,16500,405,0.0
2019-11-05,16500,16700,16300,16450,491,-0.30303030303030304
2019-11-06,16800,16800,16350,16450,125,0.0
2019-11-07,16450,16500,16400,16500,160,0.303951367781155
2019-11-08,16650,16650,16250,16300,1167,-1.2121212121212122
2019-11-11,16350,16400,15950,16050,1113,-1.5337423312883436
2019-11-12,16050,16300,15800,16300,1138,1.557632398753894
2019-11-13,16050,16200,15900,16200,479,-0.6134969325153374
2019-11-14,16050,16950,16000,16400,1343,1.2345679012345678
2019-11-15,16650,16650,16200,16400,228,0.0
2019-11-18,16400,16750,16000,16000,1276,-2.4390243902439024
2019-11-19,15950,16150,15900,16100,63,0.625
2019-11-20,15900,16150,15850,16100,107,0.0
2019-11-21,16050,16100,15750,15900,483,-1.2422360248447204
2019-11-22,15850,15950,15750,15900,260,0.0
2019-11-25,16050,16100,15900,16100,18,1.257861635220126
2019-11-26,16100,16100,15800,15950,676,-0.9316770186335404
2019-11-27,15800,15950,15800,15950,29,0.0
2019-11-28,15750,15950,15350,15450,4738,-3.1347962382445136
2019-11-29,15400,15450,15100,15100,1280,-2.26537216828479
2019-12-02,15100,15450,15100,15450,918,2.3178807947019866
2019-12-03,15450,16300,15350,15700,3174,1.6181229773462782
2019-12-04,15650,15950,15450,15550,524,-0.9554140127388535
2019-12-05,15750,15750,15200,15250,308,-1.929260450160772
2019-12-06,15250,15550,15150,15350,399,0.6557377049180327
2019-12-09,15350,15550,15200,15400,539,0.32573289902280134
2019-12-10,15250,15800,15250,15450,317,0.3246753246753247
2019-12-11,15650,15650,15150,15650,663,1.2944983818770228
2019-12-12,15450,15650,15300,15550,1025,-0.6389776357827476
2019-12-13,15550,15650,15500,15650,300,0.6430868167202572
2019-12-16,15700,15750,15450,15700,683,0.3194888178913738
2019-12-17,15700,15750,15550,15700,268,0.0
2019-12-18,15700,15900,15450,15900,1113,1.2738853503184715
2019-12-19,15900,16250,15800,16250,1110,2.20125786163522
2019-12-20,16250,16450,16000,16150,1047,-0.6153846153846154
2019-12-23,16150,16150,15750,15950,856,-1.238390092879257
2019-12-24,15950,15950,15300,15300,1002,-4.075235109717868
2019-12-26,15300,15600,15300,15450,175,0.9803921568627451
2019-12-27,15450,15750,15450,15500,132,0.3236245954692557
2019-12-30,15750,15750,15350,15350,122,-0.967741935483871
2020-01-02,15450,15800,15100,15300,325,-0.32573289902280134
2020-01-03,15300,15750,15200,15650,863,2.287581699346405
2020-01-06,15650,16200,15100,15850,839,1.2779552715654952
2020-01-07,15800,16000,15500,16000,320,0.9463722397476341
2020-01-08,16000,16000,15250,15250,992,-4.6875
2020-01-09,15250,15250,14750,15150,833,-0.6557377049180327
2020-01-10,15150,15350,15050,15250,232,0.6600660066006601
2020-01-13,15250,15350,15100,15150,564,-0.6557377049180327
2020-01-14,15150,15500,14950,15450,585,1.9801980198019802
2020-01-15,15450,15450,15250,15450,440,0.0
2020-01-16,15450,15600,15250,15550,775,0.6472491909385114
2020-01-17,15550,15700,14850,15050,3584,-3.215434083601286
2020-01-20,15050,15150,14900,15000,987,-0.33222591362126247
2020-01-21,15000,15100,14900,15100,2880,0.6666666666666667
2020-01-22,15100,15100,14950,14950,104,-0.9933774834437087
2020-01-23,14950,15050,14600,14950,818,0.0
2020-01-28,14950,14950,14200,14300,2931,-4.3478260869565215
2020-01-29,14250,14400,14150,14250,1601,-0.34965034965034963
2020-01-30,14250,14300,14100,14250,749,0.0
2020-01-31,14200,14350,13750,14250,2410,0.0
2020-02-03,14250,14250,13800,14150,1942,-0.7017543859649122
2020-02-04,14100,14400,13900,14400,506,1.76678445229682
2020-02-05,14400,14400,14050,14400,797,0.0
2020-02-06,14200,14400,14200,14400,237,0.0
2020-02-07,14400,14800,14200,14300,1514,-0.6944444444444444
2020-02-10,14250,14250,14000,14200,198,-0.6993006993006993
2020-02-11,14150,14200,13900,14200,459,0.0
2020-02-12,14050,14300,14050,14300,278,0.7042253521126761
2020-02-13,14100,14300,13900,14300,834,0.0
2020-02-14,14250,14250,13950,14250,477,-0.34965034965034963
2020-02-17,14250,14250,13950,14200,565,-0.3508771929824561
2020-02-18,14150,14200,13850,13900,1157,-2.112676056338028
2020-02-19,13900,14050,13750,14050,228,1.079136690647482
2020-02-20,14050,14100,13700,14000,756,-0.3558718861209964
2020-02-21,13900,13900,13100,13150,3173,-6.071428571428571
2020-02-24,13150,13400,12800,13000,1001,-1.1406844106463878
2020-02-25,13000,13150,12750,13050,892,0.38461538461538464
2020-02-26,13050,13300,12800,13300,588,1.9157088122605364
2020-02-27,13300,13300,12700,13200,1636,-0.7518796992481203
2020-02-28,12700,13200,12700,13000,173,-1.5151515151515151
2020-03-02,13000,13000,12500,12650,809,-2.6923076923076925
2020-03-03,12800,13450,12650,13000,906,2.766798418972332
2020-03-04,12850,13200,12850,13200,1496,1.5384615384615385
2020-03-05,13700,13950,12900,13300,3206,0.7575757575757576
2020-03-06,13400,13400,12600,12900,1421,-3.007518796992481
2020-03-09,13000,13400,12400,12400,1928,-3.875968992248062
2020-03-10,12100,12400,11350,12350,1935,-0.4032258064516129
2020-03-11,11950,12200,11700,12150,2122,-1.6194331983805668
2020-03-12,12150,13200,10500,10950,8042,-9.876543209876543
2020-03-13,11050,11450,10300,11000,12109,0.45662100456621
2020-03-16,10600,11300,10600,11050,2047,0.45454545454545453
2020-03-17,11050,11200,10350,11200,1667,1.3574660633484164
2020-03-18,10850,11450,10750,10950,975,-2.232142857142857
2020-03-19,10500,10950,10050,10600,1365,-3.1963470319634704
2020-03-20,10600,10650,10250,10550,3002,-0.4716981132075472
2020-03-23,10400,10400,9680,9750,3106,-7.5829383886255926
2020-03-24,9750,10100,9580,9900,4467,1.5384615384615385
2020-03-25,10000,10950,10000,10650,2324,7.575757575757576
2020-03-26,10950,11300,10650,10800,1065,1.4084507042253522
2020-03-27,11400,11450,10950,11350,1782,5.092592592592593
2020-03-30,11600,11600,11150,11600,1246,2.2026431718061676
2020-03-31,11600,12000,11450,11550,1077,-0.43103448275862066
2020-04-01,11150,11550,11050,11400,525,-1.2987012987012987
2020-04-02,11400,11550,11250,11400,275,0.0
2020-04-03,11800,11800,11250,11500,1676,0.8771929824561403
2020-04-06,11500,12200,11350,11450,1059,-0.43478260869565216
2020-04-07,11400,11600,11250,11550,1541,0.8733624454148471
2020-04-08,11550,11950,11350,11400,1732,-1.2987012987012987
2020-04-09,11400,11900,11400,11900,1863,4.385964912280701
2020-04-10,11750,12350,11600,12350,1816,3.7815126050420167
2020-04-13,12350,12600,11950,12200,1203,-1.214574898785425
2020-04-14,12150,12300,11900,11950,1375,-2.0491803278688523
2020-04-16,11950,12150,11800,12000,747,0.41841004184100417
2020-04-17,12000,13400,12000,12350,2428,2.9166666666666665
2020-04-20,12350,13000,12100,12100,2357,-2.0242914979757085
2020-04-21,12000,12200,11450,12000,2792,-0.8264462809917356
2020-04-22,11650,11900,11600,11900,570,-0.8333333333333334
2020-04-23,11900,12700,11900,12150,9061,2.100840336134454
2020-04-24,12150,12300,12000,12100,1415,-0.411522633744856
2020-04-27,12100,12700,11850,12650,4249,4.545454545454546
2020-04-28,12500,12850,12450,12650,1333,0.0
2020-04-29,12500,12750,12350,12750,934,0.7905138339920948
2020-05-04,12750,12950,12450,12800,2171,0.39215686274509803
2020-05-06,12600,12850,12600,12850,476,0.390625
2020-05-07,12850,12900,12550,12800,546,-0.38910505836575876
2020-05-08,12800,12950,12750,12900,2110,0.78125
2020-05-11,12800,13150,12750,13050,893,1.1627906976744187
2020-05-12,13050,13100,12600,12600,1363,-3.4482758620689653
2020-05-13,12600,12750,12450,12650,76,0.3968253968253968
2020-05-14,12200,12800,12200,12600,907,-0.3952569169960474
2020-05-15,12600,12700,12300,12550,144,-0.3968253968253968
2020-05-18,12550,12650,12400,12600,1159,0.398406374501992
2020-05-19,12750,12750,12450,12600,241,0.0
2020-05-20,12600,12850,12550,12850,219,1.984126984126984
2020-05-21,12950,12950,12800,12950,636,0.7782101167315175
2020-05-22,12950,13000,12750,12900,164,-0.3861003861003861
2020-05-25,12750,12900,12550,12900,621,0.0
2020-05-26,12900,13100,12750,13050,343,1.1627906976744187
2020-05-27,13300,13300,12800,13050,666,0.0
2020-05-28,12850,13200,12700,12850,968,-1.532567049808429
2020-05-29,12750,12800,12350,12400,2714,-3.501945525291829
2020-06-01,12400,12950,12400,12600,526,1.6129032258064515
2020-06-02,12750,12800,12600,12650,492,0.3968253968253968
2020-06-03,12650,13150,12650,12850,664,1.5810276679841897
2020-06-04,13300,13300,12650,12850,366,0.0
2020-06-05,12650,12850,12600,12600,612,-1.9455252918287937
2020-06-08,12600,12900,12500,12700,700,0.7936507936507936
2020-06-09,12850,12950,12750,12900,427,1.574803149606299
2020-06-10,13000,13100,12750,12900,551,0.0
2020-06-11,13150,13150,12700,12900,1203,0.0
2020-06-12,12900,12900,12400,12600,516,-2.3255813953488373
2020-06-15,12600,12650,12450,12550,1735,-0.3968253968253968
2020-06-16,12700,12750,12550,12700,571,1.1952191235059761
2020-06-17,12700,13000,12600,12850,2867,1.1811023622047243
2020-06-18,13550,16700,13550,16700,32835,29.961089494163424
2020-06-19,21700,21700,21700,21700,18579,29.94011976047904
2020-06-22,26350,28200,21000,22000,984597,1.3824884792626728
2020-06-23,25350,25350,20400,23700,75128,7.727272727272727
2020-06-24,22500,27000,22350,23850,57284,0.6329113924050633
2020-06-25,23400,25800,23400,24950,41336,4.612159329140461
2020-06-26,24200,28000,21200,23400,139961,-6.212424849699398
2020-06-29,23050,23050,20700,20700,49923,-11.538461538461538
2020-06-30,20600,21300,18500,19200,49938,-7.246376811594203
2020-07-01,19650,20850,18200,18700,19310,-2.604166666666667
2020-07-02,19000,19700,17800,18600,9614,-0.53475935828877
2020-07-03,19150,20350,18600,20300,25140,9.13978494623656
2020-07-06,20400,24600,20300,24500,106569,20.689655172413794
2020-07-07,23600,24450,22000,22500,37472,-8.16326530612245
2020-07-08,22150,23700,21350,22700,31180,0.8888888888888888
2020-07-09,23700,23700,22300,23350,24014,2.8634361233480177
2020-07-10,22850,23300,22200,22400,10892,-4.068522483940043
2020-07-13,22300,23300,21100,22600,6719,0.8928571428571428
2020-07-14,22800,23200,22000,22000,4634,-2.6548672566371683
2020-07-15,22200,22650,21400,21500,6984,-2.272727272727273
2020-07-16,21700,22550,21200,21550,7918,0.23255813953488372
2020-07-17,21350,21750,20100,20300,5063,-5.800464037122969
2020-07-20,20300,20800,19050,20800,8350,2.4630541871921183
2020-07-21,20800,27000,20800,27000,147600,29.807692307692307
2020-07-22,25500,26250,24300,24450,76436,-9.444444444444445
2020-07-23,24600,31750,23900,31750,173074,29.85685071574642
2020-07-24,41200,41250,28250,28250,322774,-11.023622047244094
2020-07-27,27950,27950,24750,25450,91190,-9.91150442477876
2020-07-28,25400,29750,25050,26550,155735,4.322200392927308
2020-07-29,26350,26450,24950,25800,33300,-2.824858757062147
2020-07-30,25800,27900,25200,25800,46916,0.0
2020-07-31,25700,27000,25050,26000,18747,0.7751937984496124
2020-08-03,26050,26050,25000,25250,13838,-2.8846153846153846
2020-08-04,25250,26900,25250,25950,18013,2.7722772277227725
2020-08-05,25950,26250,25400,25950,8937,0.0
2020-08-06,25950,26300,25250,25300,8045,-2.5048169556840074
2020-08-07,25600,26000,24900,25700,17248,1.5810276679841897
2020-08-10,25700,26750,25550,26550,13719,3.3073929961089497
2020-08-11,26700,28400,26000,27500,20421,3.5781544256120528
2020-08-12,27650,28400,26400,27050,14859,-1.6363636363636365
2020-08-13,27050,27300,26650,27150,7026,0.36968576709796674
2020-08-14,27050,29400,27050,27700,36090,2.0257826887661143
2020-08-18,27500,27500,25000,25400,21879,-8.303249097472925
2020-08-19,25400,25950,24850,25650,9599,0.984251968503937
2020-08-20,25650,26150,24500,25450,14020,-0.7797270955165692
2020-08-21,25450,25950,24550,25050,8287,-1.5717092337917484
2020-08-24,25050,28500,24600,26800,22611,6.986027944111776
2020-08-25,27750,27750,26500,27650,11755,3.171641791044776
2020-08-26,27650,29400,27300,28700,16515,3.79746835443038
2020-08-27,28700,29400,27100,27450,11134,-4.355400696864112
2020-08-28,27450,28800,27100,28250,13030,2.914389799635701
2020-08-31,28250,29300,28000,28850,6393,2.1238938053097343
2020-09-01,28400,29500,28300,28650,4701,-0.6932409012131715
2020-09-02,28650,29800,28550,29250,13926,2.094240837696335
2020-09-03,29450,29900,28100,28750,13661,-1.7094017094017095
2020-09-04,27400,28700,27400,28150,7364,-2.086956521739131
2020-09-07,28150,28550,27350,27550,16582,-2.1314387211367674
2020-09-08,27800,27800,27200,27500,4599,-0.18148820326678766
2020-09-09,26900,27450,26700,27450,3492,-0.18181818181818182
2020-09-10,27450,28250,27350,28250,5072,2.914389799635701
2020-09-11,28250,28700,27650,28400,5964,0.5309734513274336
2020-09-14,28050,28800,28050,28350,1527,-0.17605633802816903
2020-09-15,28050,28650,27000,28100,5103,-0.8818342151675485
2020-09-16,28100,29300,27450,27450,6473,-2.3131672597864767
2020-09-17,28000,28450,27050,27450,7646,0.0
2020-09-18,27450,27700,26800,27400,2606,-0.18214936247723132
2020-09-21,27950,29500,25700,27000,19337,-1.4598540145985401
2020-09-22,27000,27450,26100,26500,4916,-1.8518518518518516
2020-09-23,26700,27250,25350,26800,5736,1.1320754716981132
2020-09-24,26600,27150,26000,26550,2610,-0.9328358208955223
2020-09-25,26450,27000,25850,26800,1475,0.9416195856873822
2020-09-28,27350,27350,26500,26950,2686,0.5597014925373134
2020-09-29,27050,27300,26400,26750,6506,-0.7421150278293136
2020-10-05,26650,27400,26600,26950,2546,0.7476635514018692
2020-10-06,26950,27150,26350,26900,1607,-0.1855287569573284
2020-10-07,26900,27050,26500,26800,1765,-0.37174721189591076
2020-10-08,27000,27900,26700,27400,7692,2.2388059701492535
2020-10-12,27400,27400,26500,26700,3982,-2.5547445255474455
2020-10-13,26700,27000,26450,26850,2431,0.5617977528089888
2020-10-14,26850,27050,26350,26900,1577,0.186219739292365
2020-10-15,26750,29400,26450,27700,25957,2.973977695167286
2020-10-16,27700,36000,27700,36000,308831,29.96389891696751
2020-10-19,40500,41350,30850,32650,405451,-9.305555555555555
2020-10-20,33600,38800,30100,30650,552680,-6.1255742725880555
2020-10-21,31200,31550,29100,30000,108762,-2.1207177814029365
2020-10-22,30050,31250,28650,29000,77496,-3.3333333333333335
2020-10-23,29000,29650,28450,28800,33485,-0.6896551724137931
2020-10-26,28450,28950,27600,28350,28037,-1.5625
2020-10-27,27550,29200,27550,28300,29785,-0.1763668430335097
2020-10-28,28900,29400,28200,29150,22783,3.0035335689045937
2020-10-29,28350,29150,27000,27550,40260,-5.4888507718696395
2020-10-30,27350,28550,26800,26850,27492,-2.540834845735027
2020-11-02,26850,27300,25600,25800,18950,-3.910614525139665
2020-11-03,26100,26450,25800,26000,8825,0.7751937984496124
2020-11-04,26200,26400,25050,25900,8052,-0.38461538461538464
2020-11-05,26000,26250,25450,25950,4437,0.19305019305019305
2020-11-06,26150,26200,25700,25950,3474,0.0
2020-11-09,25950,26600,25950,26350,7032,1.5414258188824663
2020-11-10,26400,27700,26350,27300,14820,3.6053130929791273
2020-11-11,27500,29500,27500,28800,36467,5.4945054945054945
2020-11-12,28950,29300,28350,29300,13940,1.7361111111111112
2020-11-13,29050,30500,28900,30100,21353,2.7303754266211606
2020-11-16,30200,31000,29150,29750,13870,-1.1627906976744187
2020-11-17,29600,30200,29300,29850,9817,0.33613445378151263
2020-11-18,29800,35000,29800,31500,66040,5.527638190954774
2020-11-19,32000,32500,30400,31600,10163,0.31746031746031744
2020-11-20,31400,31450,29750,30750,15334,-2.689873417721519
2020-11-23,30650,30700,29350,30700,7754,-0.16260162601626016
2020-11-24,30500,31000,30400,30900,2810,0.6514657980456027
2020-11-25,31200,31350,30550,30550,8480,-1.132686084142395
2020-11-26,31400,32700,30650,32300,15245,5.728314238952537
2020-11-27,31750,32300,30550,31050,17455,-3.8699690402476783
2020-11-30,31050,31650,30300,30900,5363,-0.4830917874396135
2020-12-01,31000,31050,30550,30800,3612,-0.3236245954692557
2020-12-02,30900,31200,29300,30750,12987,-0.16233766233766234
2020-12-03,30850,33900,30550,32800,34617,6.666666666666667
2020-12-04,32800,32800,30200,31000,20882,-5.487804878048781
2020-12-07,31050,31750,30500,31350,5359,1.129032258064516
2020-12-08,31650,31650,28850,29400,22994,-6.220095693779904
2020-12-09,29100,29950,28700,29350,6268,-0.17006802721088435
2020-12-10,29250,29750,28000,29400,13860,0.17035775127768313
2020-12-11,30750,31950,29700,30750,21879,4.591836734693878
2020-12-14,30750,31450,30000,30750,5518,0.0
2020-12-15,30650,30650,29100,30300,7778,-1.4634146341463417
2020-12-16,30350,30950,29500,30050,8990,-0.825082508250825
2020-12-17,30050,30650,28800,30200,9073,0.49916805324459235
2020-12-18,30200,30200,29550,30150,2856,-0.16556291390728478
2020-12-21,30150,30200,29000,29250,10021,-2.9850746268656714
2020-12-22,29350,29350,28850,28950,3988,-1.0256410256410255
2020-12-23,29050,29700,28850,29250,2641,1.0362694300518136
2020-12-24,29250,29800,28900,29700,2227,1.5384615384615385
2020-12-28,30150,30150,29150,29650,7107,-0.16835016835016833
2020-12-29,29650,30000,29350,29650,1126,0.0
2020-12-30,29400,30000,29350,29850,1894,0.6745362563237773
2021-01-04,29850,30150,29400,30150,4649,1.0050251256281406
2021-01-05,30200,30200,29650,30100,4659,-0.16583747927031509
2021-01-06,30100,32100,29850,31550,16428,4.817275747508306
2021-01-07,31200,31800,31150,31250,6147,-0.9508716323296356
2021-01-08,31250,31750,30600,31300,5854,0.16
2021-01-11,31300,34350,30500,31550,33686,0.7987220447284344
2021-01-12,31500,33250,30650,31800,7501,0.7923930269413629
2021-01-13,32950,32950,31750,32250,7146,1.4150943396226416
2021-01-14,32850,33000,31800,32250,12288,0.0
2021-01-15,32250,32600,31500,31900,5469,-1.0852713178294573
2021-01-18,31850,35000,31000,33150,32318,3.918495297805643
2021-01-19,33250,34500,32200,32900,9124,-0.7541478129713424
2021-01-20,32900,33550,32100,33050,7278,0.4559270516717325
2021-01-21,33900,34050,32500,33400,11854,1.059001512859304
2021-01-22,33400,34400,32650,34250,6616,2.5449101796407185
2021-01-25,34150,35000,33900,35000,7066,2.18978102189781
2021-01-26,34900,34900,33300,33650,10628,-3.8571428571428568
2021-01-27,34100,34100,33100,33750,4651,0.2971768202080238
2021-01-28,33100,37500,32800,34450,37494,2.074074074074074
2021-01-29,33900,36000,30550,32550,27551,-5.515239477503629
2021-02-01,32550,33150,31600,31950,4735,-1.8433179723502304
2021-02-02,33500,34450,32600,33600,10478,5.164319248826291
2021-02-03,34300,34300,32100,32650,6271,-2.8273809523809526
2021-02-04,32650,32650,31650,32150,4392,-1.5313935681470139
2021-02-05,32150,33600,31500,31950,3215,-0.6220839813374806
2021-02-08,32050,32850,31500,31800,5364,-0.4694835680751174
2021-02-09,31500,32800,31500,32000,4681,0.628930817610063
2021-02-10,32050,32200,31450,31850,2341,-0.46875
2021-02-15,31850,32450,31400,31700,4486,-0.47095761381475665
2021-02-16,31700,31950,31400,31500,2926,-0.6309148264984227
2021-02-17,31500,31700,30600,31600,4198,0.31746031746031744
2021-02-18,31650,32200,31000,32200,6218,1.89873417721519
2021-02-19,32200,32300,31400,32100,4043,-0.3105590062111801
2021-02-22,32100,32500,31400,32200,3049,0.3115264797507788
2021-02-23,32000,40850,31800,35750,126878,11.024844720496894
2021-02-24,35950,37850,34100,34500,29403,-3.4965034965034967
2021-02-25,34400,35750,32050,33000,21673,-4.3478260869565215
2021-02-26,32600,32800,31800,32100,11650,-2.727272727272727
2021-03-02,32150,32850,31700,32600,7673,1.557632398753894
2021-03-03,32600,33200,32000,32650,6993,0.15337423312883436
2021-03-04,32650,33000,32200,32850,4367,0.6125574272588056
2021-03-05,33500,33950,32500,33950,6301,3.34855403348554
2021-03-08,33750,33900,33200,33800,3929,-0.4418262150220913
2021-03-09,33800,34400,32800,33550,5763,-0.7396449704142012
2021-03-10,33550,34350,33100,33750,2649,0.5961251862891207
2021-03-11,33750,36500,33750,35900,15888,6.37037037037037
2021-03-12,35900,35900,34900,35000,5515,-2.5069637883008355
2021-03-15,34900,35550,34550,35300,3060,0.8571428571428572
2021-03-16,35300,35500,34600,35100,2041,-0.56657223796034
2021-03-17,35000,35100,34450,34800,3471,-0.8547008547008548
2021-03-18,34800,35700,34550,35500,3498,2.0114942528735633
2021-03-19,35450,38900,35300,37350,16886,5.211267605633803
2021-03-22,37550,39050,37350,38300,10508,2.5435073627844713
2021-03-23,38300,39050,36800,37800,4292,-1.3054830287206265
2021-03-24,37850,38550,37000,38550,1460,1.984126984126984
2021-03-25,39100,39100,38250,38350,2628,-0.5188067444876783
2021-03-26,38400,40950,38300,40950,11905,6.779661016949152
2021-03-29,41300,42000,40350,41000,6177,0.1221001221001221
2021-03-30,41000,41550,40650,40800,2945,-0.4878048780487805
2021-03-31,40800,40950,38750,39050,7513,-4.28921568627451
2021-04-01,39050,39450,38000,38800,4740,-0.6402048655569782
2021-04-02,38100,39150,38100,39050,2669,0.6443298969072164
2021-04-05,39050,39200,38500,39100,2776,0.12804097311139565
2021-04-06,39000,40000,38900,39700,2156,1.5345268542199488
2021-04-07,39700,41750,39550,40850,7596,2.8967254408060454
2021-04-08,40850,43800,40800,42300,6331,3.549571603427173
2021-04-09,42350,43700,41700,42400,4322,0.2364066193853428
2021-04-12,42400,43850,41750,43500,4575,2.5943396226415096
2021-04-13,43500,44400,42300,43000,5516,-1.1494252873563218
2021-04-14,43000,43900,42350,43500,4324,1.1627906976744187
2021-04-15,43900,43950,43150,43350,3269,-0.3448275862068966
2021-04-16,43350,44000,42100,43000,5550,-0.8073817762399077
2021-04-19,43100,43800,42600,43400,2750,0.9302325581395349
2021-04-20,43900,44900,42900,44550,6939,2.6497695852534564
2021-04-21,44550,45000,43000,43600,7069,-2.132435465768799
2021-04-22,43600,43900,42450,42800,5451,-1.834862385321101
2021-04-23,42800,43600,42450,43200,3678,0.9345794392523363
2021-04-26,44000,44000,42000,42350,8134,-1.9675925925925926
2021-04-27,42250,42250,38600,41750,13210,-1.4167650531286895
2021-04-28,41750,42000,39700,41850,5477,0.23952095808383234
2021-04-29,40850,40900,39500,40600,7201,-2.986857825567503
2021-04-30,40100,40900,39500,39500,2761,-2.70935960591133
2021-05-03,39300,40450,39300,39550,2057,0.12658227848101267
2021-05-04,39350,41850,37850,40100,3464,1.390644753476612
2021-05-06,40100,40500,39650,40500,1897,0.997506234413965
2021-05-07,40500,40850,39500,40250,2381,-0.6172839506172839
2021-05-10,40250,40750,39850,40750,2067,1.2422360248447204
2021-05-11,40750,40750,39900,40450,3470,-0.7361963190184049
2021-05-12,40450,41350,39900,40600,5233,0.3708281829419036
2021-05-13,39900,40750,39850,40450,3371,-0.3694581280788177
2021-05-14,40250,40700,40150,40250,2251,-0.4944375772558714
2021-05-17,40300,40600,39100,39550,6830,-1.7391304347826086
2021-05-18,39550,39750,39000,39600,2662,0.12642225031605564
2021-05-20,39600,40000,39450,39900,3401,0.7575757575757576
2021-05-21,39900,40250,39650,39650,1538,-0.6265664160401002
2021-05-24,39300,39450,38900,39200,2285,-1.1349306431273645
2021-05-25,39200,39600,38850,39500,2072,0.7653061224489796
2021-05-26,39850,40150,38850,39250,2794,-0.6329113924050633
2021-05-27,39300,40900,38500,39850,1765,1.5286624203821657
2021-05-28,39850,40150,39550,40000,1371,0.37641154328732745
2021-05-31,40000,40250,39750,40000,2840,0.0
2021-06-01,40000,40400,39450,39950,1103,-0.125
2021-06-02,39950,40700,39850,40100,2589,0.37546933667083854
2021-06-03,40200,40550,40100,40500,1540,0.997506234413965
2021-06-04,40500,40900,40300,40650,2165,0.3703703703703704
2021-06-07,40800,41050,40050,40200,2014,-1.107011070110701
2021-06-08,40200,40850,40000,40500,861,0.7462686567164178
2021-06-09,40500,40850,40200,40500,1586,0.0
2021-06-10,40100,40250,39500,40200,3626,-0.7407407407407408
2021-06-11,40200,41750,39700,41000,3620,1.9900497512437811
2021-06-14,42400,42400,41050,41050,2970,0.12195121951219512
2021-06-15,41050,42500,41050,42000,2990,2.3142509135200973
2021-06-16,42000,42050,40200,41100,4144,-2.142857142857143
2021-06-17,41050,41500,40700,41350,1687,0.6082725060827251
2021-06-18,41350,41600,40450,40850,1031,-1.2091898428053205
2021-06-21,40850,40850,40000,40000,1028,-2.08078335373317
2021-06-22,40000,40600,40000,40550,1165,1.375
2021-06-23,40550,41900,40000,40950,4843,0.9864364981504316
2021-06-24,40550,40900,40200,40450,1867,-1.221001221001221
2021-06-25,40450,40700,40200,40700,2369,0.6180469715698393
2021-06-28,41450,41900,40550,41300,6214,1.4742014742014742
2021-06-29,41300,41700,40850,41450,8613,0.36319612590799033
2021-06-30,40500,40650,39600,39950,9589,-3.618817852834741
2021-07-01,40400,40400,39050,39100,5354,-2.127659574468085
2021-07-02,39100,39750,38500,38800,2828,-0.7672634271099744
2021-07-05,38900,39050,38400,38900,1421,0.25773195876288657
2021-07-06,39650,39650,38850,39200,2545,0.7712082262210797
2021-07-07,39200,39600,38500,38850,3422,-0.8928571428571428
2021-07-08,38750,38800,37300,37300,3692,-3.9897039897039894
2021-07-09,37000,37200,36050,36600,3126,-1.876675603217158
2021-07-12,36250,38800,36050,37650,8450,2.8688524590163933
2021-07-13,37650,38350,37350,37600,2660,-0.13280212483399734
2021-07-14,37600,38300,37000,38300,1266,1.8617021276595744
2021-07-15,38300,42900,38100,40150,15061,4.830287206266318
2021-07-16,40150,41300,40150,41100,4928,2.3661270236612704
2021-07-19,41100,41550,39250,40950,3069,-0.36496350364963503
2021-07-20,39850,40500,39800,40100,2632,-2.0757020757020754
2021-07-21,39900,40700,39900,40150,2002,0.12468827930174563
2021-07-22,39850,40250,39350,40150,1413,0.0
2021-07-23,40550,40600,40050,40250,1679,0.24906600249066002
2021-07-26,40700,40950,40100,40400,2661,0.37267080745341613
2021-07-27,40400,40500,40000,40350,2004,-0.12376237623762376
2021-07-28,40300,40300,38950,39650,2985,-1.734820322180917
2021-07-29,39550,40200,39400,40100,1709,1.1349306431273645
2021-07-30,40550,40800,40000,40200,1198,0.24937655860349126
2021-08-02,39750,40200,39750,39850,651,-0.8706467661691543
2021-08-03,39850,40050,39650,39650,1521,-0.5018820577164366
2021-08-04,39650,39800,39500,39750,1122,0.25220680958385877
2021-08-05,39300,39700,39300,39650,689,-0.25157232704402516
2021-08-06,39600,39850,39350,39750,1005,0.25220680958385877
2021-08-09,39750,39800,39350,39450,561,-0.7547169811320755
2021-08-10,39450,39650,38800,38800,1067,-1.6476552598225602
2021-08-11,38700,39050,38000,38550,2693,-0.6443298969072164
2021-08-12,38550,38950,38200,38850,573,0.7782101167315175
2021-08-13,38850,39100,37750,38650,884,-0.5148005148005148
2021-08-17,38200,38350,37700,38200,1997,-1.1642949547218628
2021-08-18,38100,38500,37850,38300,4070,0.2617801047120419
2021-08-19,37400,38600,37400,38450,2464,0.39164490861618795
2021-08-20,38500,38850,37450,37450,2106,-2.600780234070221
2021-08-23,37450,38000,37450,37650,202,0.5340453938584779
2021-08-24,37850,38900,37800,38900,1983,3.3200531208499333
2021-08-25,38900,39800,38800,39600,3753,1.7994858611825193
2021-08-26,39600,39850,39350,39850,742,0.6313131313131313
2021-08-27,39850,39850,38800,39700,1311,-0.37641154328732745
2021-08-30,39700,39700,38850,39300,841,-1.0075566750629723
2021-08-31,39300,39500,39000,39450,1229,0.38167938931297707
2021-09-01,39300,40700,39300,40700,2892,3.1685678073510775
2021-09-02,40700,40950,40250,40800,1175,0.2457002457002457
2021-09-03,40300,41450,40300,41450,2726,1.5931372549019607
2021-09-06,41450,41900,41350,41650,2708,0.48250904704463204
2021-09-07,41650,41850,41300,41300,2088,-0.8403361344537815
2021-09-08,41300,41750,41000,41300,957,0.0
2021-09-09,41300,41400,40650,41400,1811,0.24213075060532688
2021-09-10,40800,41500,40000,41000,2702,-0.966183574879227
2021-09-13,41600,41600,40850,41300,1115,0.7317073170731708
2021-09-14,41200,41700,41150,41700,2331,0.9685230024213075
2021-09-15,41700,42450,41700,41900,2276,0.4796163069544364
2021-09-16,41650,44600,41650,44100,16507,5.250596658711217
2021-09-17,43850,45350,43800,45050,8962,2.1541950113378685
2021-09-23,44600,45700,42300,45700,9212,1.4428412874583796
2021-09-24,44700,46400,44100,44200,12389,-3.282275711159737
2021-09-27,44100,44200,41900,41900,5267,-5.203619909502263
2021-09-28,42100,42400,41150,41950,3594,0.11933174224343676
2021-09-29,41100,41700,40500,40700,3921,-2.9797377830750893
2021-09-30,40150,41700,39550,41600,6169,2.211302211302211
2021-10-01,41400,41500,39550,39600,3923,-4.807692307692308
2021-10-05,39600,40400,39000,40300,3044,1.7676767676767675
2021-10-06,40300,41500,39950,40700,1950,0.9925558312655087
2021-10-07,41350,42000,40300,40400,1427,-0.7371007371007371
2021-10-08,41200,41200,40400,40950,1707,1.3613861386138615
2021-10-12,40700,40850,39900,39900,1150,-2.564102564102564
2021-10-13,39900,40900,39900,40450,857,1.3784461152882206
2021-10-14,40500,40800,39900,40600,1175,0.3708281829419036
2021-10-15,40700,41000,40000,40850,2013,0.6157635467980296
2021-10-18,41400,41400,39900,40350,1187,-1.2239902080783354
2021-10-19,40500,40800,40300,40600,1272,0.6195786864931847
2021-10-20,40600,41500,40450,40550,868,-0.12315270935960591
2021-10-21,40550,40550,40150,40550,597,0.0
2021-10-22,40450,41200,40200,40200,3529,-0.8631319358816275
2021-10-25,40200,40400,39350,40200,3630,0.0
2021-10-26,40050,40650,40050,40450,929,0.6218905472636816
2021-10-27,40450,42000,40050,41150,1611,1.73053152039555
2021-10-28,41200,41650,40900,41600,1400,1.0935601458080195
2021-10-29,41400,42000,41150,41900,2393,0.7211538461538461
2021-11-01,41550,41800,40850,41700,1901,-0.47732696897374705
2021-11-02,41700,42200,41150,42000,1050,0.7194244604316548
2021-11-03,42000,42000,40900,41300,1914,-1.6666666666666667
2021-11-04,41100,41100,40050,40250,2637,-2.5423728813559325
2021-11-05,39950,40450,39850,40250,1248,0.0
2021-11-08,39800,40250,39600,39800,1625,-1.1180124223602486
2021-11-09,39850,40200,39850,40150,794,0.8793969849246231
2021-11-10,40150,40500,39800,40200,930,0.12453300124533001
2021-11-11,39650,40300,39000,40250,3054,0.12437810945273632
2021-11-12,39850,40500,39500,40300,428,0.12422360248447205
2021-11-15,40500,40500,40050,40450,1243,0.37220843672456577
2021-11-16,40500,40600,40000,40450,2413,0.0
2021-11-17,40350,40450,40000,40000,1217,-1.1124845488257107
2021-11-18,40000,41200,40000,41200,1101,3.0
2021-11-19,41700,41700,40500,41100,2817,-0.24271844660194172
2021-11-22,41100,43000,41100,42500,3010,3.40632603406326
2021-11-23,43500,43900,41200,41200,3158,-3.058823529411765
2021-11-24,41200,41200,39800,40750,3671,-1.0922330097087378
2021-11-25,40350,40450,40000,40000,443,-1.8404907975460123
2021-11-26,39950,40050,39700,39900,1635,-0.25
2021-11-29,38400,41200,38400,39100,2214,-2.0050125313283207
2021-11-30,39000,39100,36600,36600,5953,-6.3938618925831205
2021-12-01,36600,37800,36600,37500,1544,2.459016393442623
2021-12-02,37300,37400,36700,37300,990,-0.5333333333333333
2021-12-03,38750,39100,38400,39100,765,4.825737265415549
2021-12-06,39300,39300,38300,38500,139,-1.5345268542199488
2021-12-07,38500,39050,38400,39050,703,1.4285714285714286
2021-12-08,39050,40000,39000,39400,2995,0.8962868117797695
2021-12-09,40450,40450,39400,40200,1569,2.030456852791878
2021-12-10,40200,40400,40050,40300,1088,0.24875621890547264
2021-12-13,40300,40800,40150,40700,737,0.9925558312655087
2021-12-14,40700,40800,39950,40650,487,-0.12285012285012285
2021-12-15,40450,40800,40100,40700,774,0.12300123001230012
2021-12-16,40700,40950,40000,40650,745,-0.12285012285012285
2021-12-17,40600,40600,40200,40600,4481,-0.12300123001230012
2021-12-20,40600,40850,40000,40300,529,-0.7389162561576355
2021-12-21,40200,40500,39400,40400,458,0.24813895781637718
2021-12-22,40400,40400,39750,40200,343,-0.49504950495049505
2021-12-23,40200,40350,39900,40250,589,0.12437810945273632
2021-12-24,40000,40250,39500,40200,657,-0.12422360248447205
2021-12-27,40200,40400,40150,40300,207,0.24875621890547264
2021-12-28,40300,40350,39550,40350,1209,0.12406947890818859
2021-12-29,40350,40400,39550,39950,560,-0.9913258983890955
2021-12-30,39950,40300,39650,40200,317,0.6257822277847309
2022-01-03,40200,40200,39500,39950,872,-0.6218905472636816
2022-01-04,39950,40350,39600,40350,607,1.0012515644555695
2022-01-05,40450,40450,39900,40050,446,-0.7434944237918215
2022-01-06,40000,40250,39800,40000,934,-0.12484394506866417
2022-01-07,40000,40000,39700,40000,494,0.0
2022-01-10,40050,40050,39700,40000,683,0.0
2022-01-11,39800,40200,39700,39950,1126,-0.125
2022-01-12,39950,40350,39950,40150,806,0.5006257822277848
2022-01-13,40350,40350,39700,40000,990,-0.37359900373599003
2022-01-14,39950,42000,37300,39850,11636,-0.375
2022-01-17,39100,40450,38750,39500,1402,-0.8782936010037641
2022-01-18,39500,39500,38400,39050,2021,-1.139240506329114
2022-01-19,38950,38950,38000,38400,1358,-1.6645326504481435
2022-01-20,38400,39300,37350,39250,2591,2.213541666666667
2022-01-21,39250,39650,38450,39250,1547,0.0
2022-01-24,38200,39350,38100,38350,1094,-2.2929936305732483
2022-01-25,39600,39600,37100,37700,1896,-1.694915254237288
2022-01-26,37700,39000,36600,37800,797,0.2652519893899204
2022-01-27,38800,39300,36550,38500,2255,1.8518518518518516
2022-01-28,38350,38450,37200,38000,1560,-1.2987012987012987
2022-02-03,39450,39550,38050,38400,1642,1.0526315789473684
2022-02-04,39000,39000,37900,38350,1258,-0.13020833333333331
2022-02-07,38600,40000,38350,38850,1255,1.303780964797914
2022-02-08,39100,40100,38650,38750,3069,-0.2574002574002574
2022-02-09,39200,39950,39150,39950,1979,3.096774193548387
2022-02-10,40000,40200,38500,39600,3716,-0.8760951188986232
2022-02-11,39400,40150,39150,39650,1110,0.12626262626262627
2022-02-14,39250,39250,38750,38800,1058,-2.1437578814627996
2022-02-15,38800,38800,38400,38650,1533,-0.3865979381443299
2022-02-16,38650,38900,38500,38900,505,0.646830530401035
2022-02-17,39150,40000,38850,39750,2620,2.185089974293059
2022-02-18,39500,40500,39150,40400,1015,1.6352201257861636
2022-02-21,40050,40500,39700,40400,1059,0.0
2022-02-22,40300,40300,39250,40150,470,-0.6188118811881188
2022-02-23,39600,40150,39300,39800,1216,-0.8717310087173101
2022-02-24,39750,40000,39350,39900,507,0.25125628140703515
2022-02-25,39650,40300,39450,40150,2566,0.6265664160401002
2022-02-28,40450,40450,39500,39550,810,-1.4943960149439601
2022-03-02,39600,40350,39550,40350,1293,2.0227560050568902
2022-03-03,40350,40350,39200,39200,1047,-2.8500619578686495
2022-03-04,39200,39800,39100,39550,601,0.8928571428571428
2022-03-07,39200,39500,38550,39400,1629,-0.37926675094816686
2022-03-08,39000,39400,38500,39050,1843,-0.8883248730964468
2022-03-10,39100,40000,39100,40000,779,2.4327784891165174
2022-03-11,40000,40050,39650,40050,562,0.125
2022-03-14,39950,40950,39950,40450,717,0.9987515605493134
2022-03-15,40250,40900,40250,40700,2288,0.6180469715698393
2022-03-16,40750,41000,40650,40700,2405,0.0
2022-03-17,41050,41100,40750,41100,502,0.9828009828009828
2022-03-18,41250,41750,40400,41150,607,0.12165450121654502
2022-03-21,41200,42200,41150,41500,3387,0.850546780072904
2022-03-22,41500,41800,41200,41750,446,0.6024096385542169
2022-03-23,41700,41900,41350,41750,337,0.0
2022-03-24,41550,42000,41550,41850,384,0.23952095808383234
2022-03-25,41850,42350,41700,42200,1585,0.8363201911589008
2022-03-28,41950,42250,41950,42050,1079,-0.35545023696682465
2022-03-29,42050,42250,41400,41850,941,-0.47562425683709864
2022-03-30,41850,41950,40600,41950,1970,0.23894862604540024
2022-03-31,41850,43950,40800,43650,3142,4.052443384982122
2022-04-01,42900,43800,42600,43350,2912,-0.6872852233676976
2022-04-04,43300,43400,42350,43400,1008,0.11534025374855825
2022-04-05,43400,43650,42200,42200,8435,-2.7649769585253456
2022-04-06,42200,42950,41800,42950,1659,1.7772511848341233
2022-04-07,42500,43750,42300,43000,1507,0.11641443538998836
2022-04-08,42800,43450,42750,43450,1720,1.0465116279069768
2022-04-11,43450,43650,43000,43550,1065,0.23014959723820483
2022-04-12,43050,43800,42950,43700,830,0.3444316877152698
2022-04-13,43700,45450,43700,45400,7148,3.8901601830663615
2022-04-14,45700,55600,45700,51500,41424,13.43612334801762
2022-04-15,51900,52800,50200,52500,7105,1.9417475728155338
2022-04-18,52000,53200,51500,52200,2320,-0.5714285714285714
2022-04-19,52000,52800,51100,52600,2988,0.7662835249042145
2022-04-20,52400,61100,52400,57700,31045,9.695817490494296
2022-04-21,56800,62400,56800,60100,16891,4.15944540727903
2022-04-22,60100,60100,57300,58800,5024,-2.1630615640599005
2022-04-25,57900,57900,55300,57400,4479,-2.380952380952381
2022-04-26,56600,58000,56100,56800,1604,-1.0452961672473868
2022-04-27,56700,56700,51900,51900,5961,-8.626760563380282
2022-04-28,52500,53500,50900,53200,4307,2.5048169556840074
2022-04-29,52400,54100,51600,53100,4742,-0.18796992481203006
2022-05-02,53100,56500,53100,54700,2954,3.0131826741996233
2022-05-03,55700,55700,52500,53500,3886,-2.1937842778793417
2022-05-04,53500,55800,52800,55600,3892,3.925233644859813
2022-05-06,54300,58900,54000,56800,6232,2.158273381294964
2022-05-09,56600,57800,55000,57100,2814,0.528169014084507
2022-05-10,58300,59500,54900,56300,7399,-1.4010507880910683
2022-05-11,56300,59100,55900,58000,4449,3.019538188277087
2022-05-12,58000,58100,56300,56400,3079,-2.7586206896551726
2022-05-13,56400,60000,53900,54400,7693,-3.546099290780142
2022-05-16,54800,56700,54400,56700,3016,4.227941176470589
2022-05-17,56900,58000,55200,55300,2419,-2.4691358024691357
2022-05-18,55400,56000,53300,55300,2515,0.0
2022-05-19,54700,54700,53000,53400,2450,-3.4358047016274864
2022-05-20,53200,53200,51500,51800,4175,-2.9962546816479403
2022-05-23,52000,52100,50100,51000,4123,-1.5444015444015444
2022-05-24,51000,53000,50900,52500,2560,2.941176470588235
2022-05-25,51900,53000,50800,51000,1450,-2.857142857142857
2022-05-26,51000,52400,50300,51600,967,1.1764705882352942
2022-05-27,51500,52400,49950,51700,5948,0.1937984496124031
2022-05-30,51400,53300,51400,52900,3503,2.321083172147002
2022-05-31,53200,53200,51100,52200,1850,-1.3232514177693762
2022-06-02,52200,52600,51000,51700,890,-0.9578544061302682
2022-06-03,52000,52000,51400,51900,536,0.3868471953578337
2022-06-07,51800,51800,50900,51800,786,-0.1926782273603083
2022-06-08,51000,51700,50500,51600,644,-0.3861003861003861
2022-06-09,51700,52000,51000,51600,479,0.0
2022-06-10,51600,51600,50800,51500,1073,-0.1937984496124031
2022-06-13,50900,51300,50000,50600,2188,-1.7475728155339807
2022-06-14,50000,50900,49350,50800,1264,0.3952569169960474
2022-06-15,50400,50400,48550,49300,1364,-2.952755905511811
2022-06-16,49550,50900,49500,50300,857,2.028397565922921
2022-06-17,48050,50300,48050,50300,1181,0.0
2022-06-20,49550,50400,48650,49700,1479,-1.1928429423459244
2022-06-21,49700,49700,49200,49650,150,-0.1006036217303823
2022-06-22,49650,50200,47850,47850,1026,-3.625377643504532
2022-06-23,47350,47750,45250,46150,4215,-3.5527690700104495
2022-06-24,46400,47900,45700,47400,1995,2.7085590465872156
2022-06-27,47450,50000,47450,49800,1184,5.063291139240507
2022-06-28,49900,51900,49300,49550,2208,-0.5020080321285141
2022-06-29,49700,50300,49450,50300,1394,1.513622603430878
2022-06-30,50100,50100,49100,49200,971,-2.1868787276341948
2022-07-01,49000,50300,48400,48700,805,-1.0162601626016259
2022-07-04,48700,49950,47650,49150,761,0.9240246406570842
2022-07-05,48100,51600,48100,51000,581,3.7639877924720246
2022-07-06,51400,56900,50400,52900,10374,3.7254901960784315
2022-07-07,52900,58500,52900,56900,6517,7.561436672967864
2022-07-08,56900,58000,55100,55500,2469,-2.460456942003515
2022-07-11,55500,56000,52800,53500,1320,-3.6036036036036037
2022-07-12,53500,53800,52700,53600,1012,0.1869158878504673
2022-07-13,53300,55000,51800,53600,2054,0.0
2022-07-14,53300,54800,52700,53700,1577,0.18656716417910446
2022-07-15,53700,53800,53300,53700,656,0.0
2022-07-18,53700,55000,53700,54800,1050,2.0484171322160147
2022-07-19,54900,56000,54000,56000,2879,2.18978102189781
2022-07-20,56000,58400,56000,57300,2583,2.3214285714285716
2022-07-21,57600,57800,56000,57300,839,0.0
2022-07-22,57100,57100,55500,56800,1100,-0.8726003490401396
2022-07-25,55600,57400,55600,56500,528,-0.528169014084507
2022-07-26,56200,58000,56200,57500,928,1.7699115044247788
2022-07-27,56900,59000,56600,57400,572,-0.17391304347826086
2022-07-28,57700,57700,56400,57300,396,-0.17421602787456447
2022-07-29,57300,58300,56300,57000,566,-0.5235602094240838
2022-08-01,57200,58700,56000,57900,1220,1.5789473684210527
2022-08-02,57900,58700,56500,57900,1232,0.0
2022-08-03,57400,57600,57200,57600,201,-0.5181347150259068
2022-08-04,57300,58200,56900,57400,776,-0.3472222222222222
2022-08-05,57600,58900,57000,57000,1526,-0.6968641114982579
2022-08-08,57600,57600,56400,57000,896,0.0
2022-08-09,56000,56300,54700,55100,1982,-3.3333333333333335
2022-08-10,54600,54700,53600,54100,1115,-1.8148820326678767
2022-08-11,54200,55800,54100,55200,1137,2.033271719038817
2022-08-12,55200,55500,54000,54000,1632,-2.1739130434782608
2022-08-16,54000,55000,53900,55000,1182,1.8518518518518516
2022-08-17,54500,54600,53100,54200,1927,-1.4545454545454546
2022-08-18,53900,55500,52800,54600,641,0.7380073800738007
2022-08-19,54900,54900,53400,53900,676,-1.282051282051282
2022-08-22,58300,65900,56600,60600,67502,12.430426716141001
2022-08-23,60600,60800,58000,60000,6876,-0.9900990099009901
2022-08-24,60100,63800,60000,62300,7349,3.833333333333333
2022-08-25,62300,62700,61000,62000,1788,-0.4815409309791332
2022-08-26,61700,62500,59000,59400,6642,-4.193548387096775
2022-08-29,58700,63500,57500,60200,10079,1.3468013468013467
2022-08-30,60000,61300,58500,59900,6284,-0.4983388704318937
2022-08-31,58800,68000,58500,63500,20792,6.010016694490818
2022-09-01,63700,67000,63000,65000,6838,2.3622047244094486
2022-09-02,65100,65600,63400,65400,4892,0.6153846153846154
2022-09-05,65800,65900,62600,63700,4079,-2.599388379204893
2022-09-06,63000,64200,61800,62500,3818,-1.8838304552590266
2022-09-07,62500,64500,62400,64500,2441,3.2
2022-09-08,64700,65300,62800,65300,4063,1.2403100775193798
2022-09-13,65300,69800,64600,69000,8360,5.66615620214395
2022-09-14,68200,69900,67500,69400,3925,0.5797101449275363
2022-09-15,69400,74900,69400,74900,15678,7.92507204610951
2022-09-16,75000,77000,72300,73800,5168,-1.4686248331108143
2022-09-19,73800,76800,72600,72800,8797,-1.3550135501355014
2022-09-20,72800,75800,72800,75500,3899,3.708791208791209
2022-09-21,76700,80500,74100,80200,12300,6.225165562913907
2022-09-22,80000,86900,79900,83900,18942,4.613466334164588
2022-09-23,83000,86300,81300,84200,6879,0.3575685339690107
2022-09-26,84200,84200,76200,79800,9541,-5.225653206650831
2022-09-27,78200,79400,71300,71600,8963,-10.275689223057643
2022-09-28,74000,75200,70800,72300,3832,0.9776536312849162
2022-09-29,72300,74800,68800,71000,4371,-1.7980636237897647
2022-09-30,67600,71000,67500,69100,3583,-2.676056338028169
2022-10-04,69000,71900,67000,67000,4473,-3.039073806078148
2022-10-05,67300,68400,65000,65500,2765,-2.2388059701492535
2022-10-06,65500,70100,64700,69900,2095,6.7175572519083975
2022-10-07,69000,72900,67800,72100,2502,3.1473533619456364
2022-10-11,70900,71000,66100,67200,2300,-6.796116504854369
2022-10-12,66600,70800,65600,70000,2783,4.166666666666666
2022-10-13,70000,73500,68400,69500,1533,-0.7142857142857143
2022-10-14,68300,71000,67900,70500,3026,1.4388489208633095
2022-10-17,71000,71000,65000,66800,6024,-5.24822695035461
2022-10-18,66700,69400,66700,67000,5603,0.29940119760479045
2022-10-19,68100,68100,65100,68000,3815,1.4925373134328357
2022-10-20,68400,72100,66300,67900,6543,-0.14705882352941177
2022-10-21,67800,67800,65300,66500,3039,-2.0618556701030926
2022-10-24,66700,68100,65300,66300,2271,-0.30075187969924816
2022-10-25,66600,70000,65900,67000,2025,1.0558069381598794
2022-10-26,68400,68400,67000,68000,3162,1.4925373134328357
2022-10-27,67500,70700,67000,69900,4032,2.794117647058824
2022-10-28,69200,69800,67500,68000,3259,-2.7181688125894135
2022-10-31,68100,71300,68100,71000,7097,4.411764705882353
2022-11-01,77600,79700,69800,70200,24754,-1.1267605633802817
2022-11-02,70400,70400,61500,63000,23459,-10.256410256410255
2022-11-03,61700,61700,58700,60000,11117,-4.761904761904762
2022-11-04,58800,60200,54900,57500,12609,-4.166666666666666
2022-11-07,57600,58000,56500,57700,2036,0.34782608695652173
2022-11-08,57300,58000,56600,57000,7135,-1.2131715771230502
2022-11-09,57700,59000,56800,58600,2271,2.807017543859649
2022-11-10,58000,58800,57300,58800,1163,0.3412969283276451
2022-11-11,59200,59500,57200,57400,3000,-2.380952380952381
2022-11-14,57300,57500,56500,57300,2004,-0.17421602787456447
2022-11-15,57900,57900,55600,56800,5153,-0.8726003490401396
2022-11-16,56700,56700,54900,55300,2413,-2.640845070422535
2022-11-17,55900,55900,51800,52200,6061,-5.605786618444846
2022-11-18,52200,52200,49650,50000,15147,-4.21455938697318
2022-11-21,51000,51700,49550,50900,3360,1.7999999999999998
2022-11-22,50900,51400,49500,50100,5378,-1.5717092337917484
2022-11-23,50000,52700,49150,49500,7230,-1.1976047904191618
2022-11-24,50400,51200,48000,48800,3791,-1.4141414141414141
2022-11-25,48800,50100,48000,48750,3198,-0.10245901639344263
2022-11-28,48650,50400,48100,48900,2316,0.3076923076923077
2022-11-29,48900,49950,48550,49700,2299,1.6359918200409
2022-11-30,49700,50500,49000,49650,1988,-0.1006036217303823
2022-12-01,50000,50000,49100,49650,2100,0.0
2022-12-02,49150,50300,48500,49350,1568,-0.6042296072507553
2022-12-05,49350,49750,48400,49150,1347,-0.4052684903748734
2022-12-06,48900,49500,47550,47600,1833,-3.1536113936927768
2022-12-07,47650,47750,46250,47300,2972,-0.6302521008403361
2022-12-08,46750,47050,46250,46800,2079,-1.0570824524312896
2022-12-09,46700,48950,46500,47700,1719,1.9230769230769231
2022-12-12,47950,48650,46550,47650,782,-0.10482180293501049
2022-12-13,47100,48800,46500,47350,1774,-0.6295907660020986
2022-12-14,47250,48900,47000,48150,5524,1.689545934530095
2022-12-15,48250,48900,47550,47600,2695,-1.142263759086189
2022-12-16,47200,47400,46200,47000,1458,-1.2605042016806722
2022-12-19,46750,48500,46350,47400,3640,0.851063829787234
2022-12-20,46550,47200,45600,46950,4303,-0.949367088607595
2022-12-21,48000,48150,46450,48000,2729,2.2364217252396164
2022-12-22,47550,48400,47050,47050,1213,-1.9791666666666665
2022-12-23,47000,47800,45750,47000,1832,-0.10626992561105207
2022-12-26,47000,48000,45800,46950,1093,-0.10638297872340426
2022-12-27,46100,47500,46100,46950,2088,0.0
2022-12-28,46800,46800,45500,45500,1093,-3.08839190628328
2022-12-29,45950,47200,43650,44450,2739,-2.307692307692308
2023-01-02,46600,46600,43100,43500,3864,-2.1372328458942635
2023-01-03,43500,44300,41100,43200,2340,-0.6896551724137931
2023-01-04,43150,43900,42200,43250,2122,0.11574074074074073
2023-01-05,43450,44100,42250,42700,919,-1.2716763005780347
2023-01-06,42600,43750,41550,43400,2058,1.639344262295082
2023-01-09,43400,45850,43400,44750,3790,3.110599078341014
2023-01-10,44500,45900,44500,44850,461,0.22346368715083798
2023-01-11,45000,46350,44650,45650,1403,1.7837235228539576
2023-01-12,45700,46450,44250,44300,3380,-2.9572836801752467
2023-01-13,44350,45000,43550,44050,832,-0.5643340857787811
2023-01-16,44500,44850,43100,43700,21743,-0.7945516458569807
2023-01-17,43900,44250,43000,43550,1222,-0.34324942791762014
2023-01-18,43200,43900,43050,43350,830,-0.4592422502870264
2023-01-19,42950,43550,42550,43350,822,0.0
2023-01-20,43300,44800,42600,42850,898,-1.1534025374855825
2023-01-25,43300,43750,42650,43100,445,0.5834305717619603
2023-01-26,43100,43250,42600,43000,997,-0.23201856148491878
2023-01-27,43300,44450,43200,43450,2941,1.0465116279069768
2023-01-30,43450,44200,43000,43100,2327,-0.805523590333717
2023-01-31,43100,43100,42200,42750,1361,-0.8120649651972157
2023-02-01,42450,43450,42050,42300,5700,-1.0526315789473684
2023-02-02,42300,43200,42000,42700,2940,0.9456264775413712
2023-02-03,42700,43700,42100,43150,3079,1.053864168618267
2023-02-06,43100,43500,42350,43200,2297,0.11587485515643105
2023-02-07,43000,43650,42950,43400,950,0.4629629629629629
2023-02-08,44150,44700,43450,44500,5741,2.5345622119815667
2023-02-09,44300,45000,43450,44000,2510,-1.1235955056179776
2023-02-10,44000,44700,43100,44000,4804,0.0
2023-02-13,43800,43900,43100,43550,1975,-1.0227272727272727
2023-02-14,43250,44200,43000,43800,6191,0.5740528128587831
2023-02-15,44050,44050,43000,43500,2842,-0.684931506849315
2023-02-16,43500,43800,43150,43500,1902,0.0
2023-02-17,43450,46900,43000,46350,14596,6.551724137931035
2023-02-20,46500,53700,46500,51900,35109,11.974110032362459
2023-02-21,53500,53500,49050,51900,12353,0.0
2023-02-22,51300,51900,49000,50100,6379,-3.4682080924855487
2023-02-23,50100,50100,48300,49250,5881,-1.6966067864271457
2023-02-24,48150,48300,45000,45300,20536,-8.020304568527918
2023-02-27,45400,45450,44200,44600,4223,-1.545253863134658
2023-02-28,44300,45700,44300,44650,3107,0.11210762331838565
2023-03-02,44800,44800,43600,43950,4226,-1.5677491601343785
2023-03-03,44450,45450,44200,44450,3146,1.1376564277588168
2023-03-06,44450,45600,44200,44750,7035,0.6749156355455568
2023-03-07,45000,45200,44500,44950,1315,0.44692737430167595
2023-03-08,44950,45050,44350,44750,810,-0.44493882091212456
2023-03-09,44800,44800,44150,44200,1521,-1.2290502793296088
2023-03-10,44000,44500,43550,44100,1402,-0.22624434389140274
2023-03-13,43850,43950,42900,43950,1777,-0.3401360544217687
2023-03-14,43900,43900,40150,40500,12316,-7.849829351535837
2023-03-15,40500,41150,40300,40550,1489,0.12345679012345678
2023-03-16,40050,40350,38800,38950,6423,-3.945745992601726
2023-03-17,38950,40700,38950,40100,1577,2.952503209242619
2023-03-20,40450,40450,39300,39600,1459,-1.2468827930174564
2023-03-21,39800,39800,39000,39800,1256,0.5050505050505051
2023-03-22,40200,40200,39250,39250,872,-1.3819095477386936
2023-03-23,39100,39300,38750,38950,770,-0.7643312101910829
2023-03-24,38900,39400,36050,36900,6813,-5.263157894736842
2023-03-27,37000,37350,35550,37050,2473,0.40650406504065045
2023-03-28,36700,37800,36450,37650,1337,1.6194331983805668
2023-03-29,37650,37900,37050,37050,1556,-1.593625498007968
2023-03-30,37300,38150,36450,37900,1535,2.2941970310391366
2023-03-31,37900,39000,37400,38850,3883,2.5065963060686016
2023-04-03,39350,39350,37400,38050,5666,-2.0592020592020592
2023-04-04,38400,39100,37450,38650,3121,1.5768725361366622
2023-04-05,39500,41600,38750,40900,8840,5.821474773609314
2023-04-06,40650,41150,39700,39900,2487,-2.444987775061125
2023-04-07,39900,40750,39400,40100,918,0.5012531328320802
2023-04-10,40100,40400,39050,40050,2260,-0.12468827930174563
2023-04-11,39950,40400,39500,39500,1765,-1.373283395755306
2023-04-12,39500,40350,39200,40100,4158,1.5189873417721518
2023-04-13,40100,40150,39000,39050,2149,-2.6184538653366585
2023-04-14,39500,40000,39400,39550,1754,1.2804097311139564
2023-04-17,39450,39600,38900,39450,1241,-0.2528445006321113
2023-04-18,39350,39350,35900,37000,18734,-6.2103929024081115
2023-04-19,37350,37400,36650,36850,2842,-0.40540540540540543
2023-04-20,37000,38250,35850,35850,8766,-2.7137042062415198
2023-04-21,35850,36600,35500,36150,2538,0.8368200836820083
2023-04-24,36050,36050,34250,35300,5097,-2.351313969571231
2023-04-25,35100,35100,33850,35000,3355,-0.84985835694051
2023-04-26,35000,35000,34000,34500,2763,-1.4285714285714286
2023-04-27,34750,34750,33750,34500,1339,0.0
2023-04-28,34800,35200,34350,35000,1556,1.4492753623188406
2023-05-02,34950,35700,34500,35300,1309,0.8571428571428572
2023-05-03,35300,35600,34650,34650,1501,-1.8413597733711047
2023-05-04,34350,34800,34300,34450,623,-0.5772005772005772
2023-05-08,34550,35900,34450,35250,948,2.3222060957910013
2023-05-09,35200,35800,34650,34700,646,-1.5602836879432624
2023-05-10,34700,35450,34300,35250,893,1.585014409221902
2023-05-11,35250,35750,35000,35700,313,1.276595744680851
2023-05-12,35250,35250,34750,34750,864,-2.661064425770308
2023-05-15,34600,34750,34050,34450,790,-0.8633093525179856
2023-05-16,34450,34550,32500,33600,4598,-2.467343976777939
2023-05-17,33550,33550,32500,33250,2991,-1.0416666666666665
2023-05-18,33550,33900,33250,33250,1155,0.0
2023-05-19,33800,33800,33300,33700,303,1.3533834586466165
2023-05-22,33700,33950,33650,33800,584,0.2967359050445104
2023-05-23,33800,33800,32800,32900,2622,-2.6627218934911245
2023-05-24,33100,33350,32750,32950,1145,0.1519756838905775
2023-05-25,32900,33300,32550,32950,1738,0.0
2023-05-26,32950,33000,32850,32950,816,0.0
2023-05-30,32700,32950,32400,32900,973,-0.15174506828528073
2023-05-31,33200,33500,32400,32550,1267,-1.0638297872340425
2023-06-01,32500,32650,31750,32050,3112,-1.5360983102918586
2023-06-02,32050,33000,32050,33000,936,2.9641185647425896
2023-06-05,33250,33550,32400,33000,658,0.0
2023-06-07,33000,33100,32650,33100,645,0.30303030303030304
2023-06-08,33100,33150,32000,32650,1633,-1.3595166163141994
2023-06-09,32600,32650,32050,32300,1414,-1.0719754977029097
2023-06-12,32300,32300,31250,31350,2283,-2.941176470588235
2023-06-13,31350,32100,31150,32000,1389,2.073365231259968
2023-06-14,31700,32300,30750,30750,2876,-3.90625
2023-06-15,30750,31200,30300,30900,694,0.4878048780487805
2023-06-16,30600,30800,30000,30450,1615,-1.4563106796116505
2023-06-19,30450,30800,29800,29900,1850,-1.8062397372742198
2023-06-20,30050,30400,29150,29750,4015,-0.5016722408026756
2023-06-21,30000,30150,28650,29500,3721,-0.8403361344537815
2023-06-22,29100,29150,28750,29000,1357,-1.694915254237288
2023-06-23,28700,28950,28000,28400,3338,-2.0689655172413794
2023-06-26,28400,29000,27850,29000,2512,2.112676056338028
2023-06-27,29300,29300,28300,28500,3023,-1.7241379310344827
2023-06-28,28500,28650,28250,28600,700,0.3508771929824561
2023-06-29,28500,29800,28300,28600,1228,0.0
2023-06-30,28500,28900,26850,27700,2751,-3.146853146853147
2023-07-03,28800,28800,27900,28200,1174,1.8050541516245486
2023-07-04,28800,28800,27000,27400,5184,-2.8368794326241136
2023-07-05,27400,28500,27400,28250,1727,3.102189781021898
2023-07-06,27950,28250,27550,27550,935,-2.47787610619469
2023-07-07,27050,27550,27000,27500,379,-0.18148820326678766
2023-07-10,27200,27250,26750,27000,1466,-1.8181818181818181
2023-07-11,26800,28000,26750,27750,1192,2.7777777777777777
2023-07-12,27800,28200,27550,27800,834,0.18018018018018017
2023-07-13,27950,27950,27550,27800,193,0.0
2023-07-14,28000,28000,26900,27600,1695,-0.7194244604316548
2023-07-17,27350,27850,27350,27850,379,0.9057971014492754
2023-07-18,28050,28050,27000,27300,2079,-1.9748653500897666
2023-07-19,27300,27400,27150,27300,463,0.0
2023-07-20,27200,27450,27000,27400,184,0.3663003663003663
2023-07-21,27250,27400,26550,26550,2996,-3.102189781021898
2023-07-24,26550,26550,25100,25200,3916,-5.084745762711865
2023-07-25,25200,25900,24100,24100,3491,-4.365079365079365
2023-07-26,24100,24150,22900,23300,4546,-3.319502074688797
2023-07-27,23000,24550,23000,24500,1066,5.150214592274678
2023-07-28,24950,24950,24200,24650,665,0.6122448979591837
2023-07-31,24750,25350,24650,25000,548,1.4198782961460445
2023-08-01,25000,26450,24950,26200,672,4.8
2023-08-02,25900,26400,25550,25800,747,-1.5267175572519083
2023-08-03,25550,26200,24800,26200,680,1.550387596899225
2023-08-04,26200,26550,25900,26400,494,0.7633587786259541
2023-08-07,26400,26550,25950,26400,102,0.0
2023-08-08,26400,26400,25550,25550,736,-3.2196969696969697
2023-08-09,25450,26200,25100,26200,248,2.5440313111545985
2023-08-10,26250,27000,25850,26950,890,2.8625954198473282
2023-08-11,26900,27050,26350,26550,319,-1.4842300556586272
2023-08-14,26550,27250,26550,27250,427,2.6365348399246704
2023-08-16,26150,27800,25250,25350,3130,-6.972477064220184
2023-08-17,25050,25900,24600,24950,580,-1.5779092702169626
2023-08-18,25000,26000,24550,25850,823,3.6072144288577155
2023-08-21,25850,25850,24900,25850,1693,0.0
2023-08-22,25850,26650,24100,24650,2307,-4.642166344294004
2023-08-23,24650,25200,23500,23900,4081,-3.0425963488843815
2023-08-24,23900,24100,22100,23700,1402,-0.8368200836820083
2023-08-25,23700,24000,23300,24000,1466,1.2658227848101267
2023-08-28,24900,24900,23750,24750,1865,3.125
2023-08-29,24750,24900,24050,24450,942,-1.2121212121212122
2023-08-30,24900,24900,24100,24150,690,-1.2269938650306749
2023-08-31,24150,24250,23750,24000,966,-0.6211180124223602
2023-09-01,24000,24250,23700,24000,857,0.0
2023-09-04,23900,24400,23750,24000,671,0.0
2023-09-05,24000,24300,23700,24050,1284,0.20833333333333334
2023-09-06,24350,24350,23600,24000,1451,-0.2079002079002079
2023-09-07,24000,24000,23600,23750,455,-1.0416666666666665
2023-09-08,23400,24000,23250,23900,818,0.631578947368421
2023-09-11,23900,23950,23450,23450,3308,-1.882845188284519
2023-09-12,23600,24350,23300,23300,671,-0.6396588486140725
2023-09-13,23200,23250,23050,23150,427,-0.6437768240343348
2023-09-14,23150,23500,23100,23450,429,1.2958963282937366
2023-09-15,23550,23850,23450,23700,518,1.0660980810234542
2023-09-18,24150,24150,23250,23500,1379,-0.8438818565400843
2023-09-19,23500,23700,22800,22850,1534,-2.7659574468085104
2023-09-20,22550,23300,22550,23050,513,0.87527352297593
2023-09-21,22600,24000,22500,23900,1251,3.68763557483731
2023-09-22,23400,24000,23350,23800,460,-0.41841004184100417
2023-09-25,23650,23700,23100,23350,451,-1.8907563025210083
2023-09-26,23350,23350,22700,22950,680,-1.7130620985010707
2023-09-27,22150,22600,21900,22200,630,-3.2679738562091507
2023-10-04,22150,22200,20650,20700,3714,-6.756756756756757
2023-10-05,20700,21050,20350,20850,2028,0.7246376811594203
2023-10-06,20750,22850,20750,22500,1731,7.913669064748201
2023-10-10,22700,24400,22500,22550,1099,0.2222222222222222
2023-10-11,22300,23000,22100,22900,716,1.5521064301552108
2023-10-12,23000,23000,22650,23000,435,0.43668122270742354
2023-10-13,22400,22950,22200,22600,564,-1.7391304347826086
2023-10-16,22600,22600,22150,22550,385,-0.22123893805309736
2023-10-17,22100,22950,22100,22950,200,1.7738359201773837
2023-10-18,22950,23800,22500,23500,959,2.3965141612200433
2023-10-19,23500,23700,21800,23400,1743,-0.425531914893617
2023-10-20,23200,23400,22100,22950,1142,-1.9230769230769231
2023-10-23,21850,22850,21850,22700,830,-1.0893246187363834
2023-10-24,22450,22700,22000,22550,653,-0.6607929515418502
2023-10-25,22300,22550,22050,22300,211,-1.1086474501108647
2023-10-26,22250,22750,21800,21800,495,-2.242152466367713
2023-10-27,21800,23900,21750,21800,1733,0.0
2023-10-30,21800,22900,21350,22800,700,4.587155963302752
2023-10-31,22800,23900,22300,23700,628,3.9473684210526314
2023-11-01,23300,23600,23000,23050,553,-2.7426160337552745
2023-11-02,23550,23550,22700,23450,656,1.735357917570499
2023-11-03,23250,24100,23050,24000,1534,2.345415778251599
2023-11-06,24000,24300,23600,23750,679,-1.0416666666666665
2023-11-07,23750,23850,23350,23800,815,0.21052631578947367
2023-11-08,24400,24400,23500,24200,759,1.680672268907563
2023-11-09,24200,24700,23800,24500,1320,1.2396694214876034
2023-11-10,24500,24700,23650,24700,897,0.8163265306122449
2023-11-13,24650,24800,24000,24450,1006,-1.0121457489878543
2023-11-14,24450,24450,24000,24350,254,-0.408997955010225
2023-11-15,24300,24800,23700,24350,1569,0.0
2023-11-16,24300,24300,23750,24000,1066,-1.4373716632443532
2023-11-17,23800,24000,23750,23900,219,-0.4166666666666667
2023-11-20,23700,23950,23450,23750,1274,-0.6276150627615062
2023-11-21,23750,24500,23650,24050,413,1.263157894736842
2023-11-22,24050,24350,23800,24000,319,-0.2079002079002079
2023-11-23,23800,24000,23750,24000,242,0.0
2023-11-24,24000,24250,23900,24150,519,0.625
2023-11-27,24150,24150,23500,23500,1852,-2.691511387163561
2023-11-28,23500,24350,23500,24000,707,2.127659574468085
2023-11-29,24200,24200,23100,24050,1100,0.20833333333333334
2023-11-30,24050,24300,23500,23650,2671,-1.6632016632016633
2023-12-01,23550,24100,23500,24000,452,1.4799154334038054
2023-12-04,23700,24350,23600,24150,1521,0.625
2023-12-05,24150,24900,23300,23300,1648,-3.5196687370600417
2023-12-06,23300,23850,23300,23350,825,0.2145922746781116
2023-12-07,23200,23850,23100,23750,246,1.7130620985010707
2023-12-08,23600,23900,23300,23450,1004,-1.263157894736842
2023-12-11,23450,23800,23150,23200,854,-1.0660980810234542
2023-12-12,23200,23750,23200,23300,402,0.43103448275862066
2023-12-13,23300,23850,23300,23750,1380,1.9313304721030045
2023-12-14,23800,24650,23750,23800,3799,0.21052631578947367
2023-12-15,23950,24450,23600,24300,1711,2.100840336134454
2023-12-18,24600,24600,23900,23900,1092,-1.646090534979424
2023-12-19,23700,24500,23500,23600,865,-1.2552301255230125
2023-12-20,24200,24200,23450,23700,1052,0.423728813559322
2023-12-21,23500,23650,23100,23250,1467,-1.89873417721519
2023-12-22,23250,23750,23100,23500,1351,1.0752688172043012
2023-12-26,23250,24000,22800,22850,4770,-2.7659574468085104
2023-12-27,22850,23750,22300,22300,2932,-2.4070021881838075
2023-12-28,22400,23100,22350,23100,637,3.587443946188341
2024-01-02,23200,23300,22500,23100,1686,0.0
2024-01-03,23050,23300,22650,22650,2336,-1.948051948051948
2024-01-04,22600,22900,22350,22900,812,1.1037527593818985
2024-01-05,22700,22700,22350,22550,1197,-1.5283842794759825
2024-01-08,22400,22700,22050,22600,3517,0.22172949002217296
2024-01-09,22650,23000,22300,22650,1961,0.22123893805309736
2024-01-10,23000,23400,22000,22150,6905,-2.207505518763797
2024-01-11,22150,22650,22150,22200,955,0.2257336343115124
2024-01-12,22300,22350,21900,22150,3443,-0.22522522522522523
2024-01-15,21900,22500,21800,22150,2158,0.0
2024-01-16,22050,22050,21350,21450,2059,-3.160270880361174
2024-01-17,21150,21300,20950,21200,1259,-1.1655011655011656
2024-01-18,21100,21300,20600,21050,1508,-0.7075471698113208
2024-01-19,21350,21600,20900,21050,517,0.0
2024-01-22,21350,21350,20650,20750,3976,-1.4251781472684086
2024-01-23,20750,22300,20700,21500,2272,3.614457831325301
2024-01-24,21500,22000,21100,21650,1528,0.6976744186046512
2024-01-25,21650,21950,21350,21800,1225,0.6928406466512702
2024-01-26,21300,22350,21300,22200,2419,1.834862385321101
2024-01-29,22100,24350,22100,23900,10255,7.657657657657657
2024-01-30,24200,27000,23750,25750,22749,7.740585774058577
2024-01-31,25900,26600,24050,25300,12253,-1.7475728155339807
2024-02-01,25300,25300,23850,24350,8073,-3.7549407114624502
2024-02-02,24350,25000,24150,24950,4967,2.4640657084188913
2024-02-05,25400,26900,25000,25500,8087,2.2044088176352705
2024-02-06,25450,26300,24800,25600,3990,0.39215686274509803
2024-02-07,25850,26100,25150,25600,3376,0.0
2024-02-08,26000,26450,25200,25200,2259,-1.5625
2024-02-13,25400,25600,24800,25200,1962,0.0
2024-02-14,25500,25500,24700,24700,1530,-1.984126984126984
2024-02-15,25050,25150,24200,24800,4450,0.4048582995951417
2024-02-16,23800,24300,23100,24250,10338,-2.217741935483871
2024-02-19,24350,25100,24350,24700,1671,1.8556701030927836
2024-02-20,24800,24800,23800,24700,2793,0.0
2024-02-21,24700,26000,24350,25100,3701,1.6194331983805668
2024-02-22,25100,25100,24650,24950,1964,-0.5976095617529881
2024-02-23,24800,24950,24350,24700,2286,-1.002004008016032
2024-02-26,25400,26450,24350,24400,2493,-1.214574898785425
2024-02-27,25250,25250,22950,22950,2749,-5.942622950819672
2024-02-28,22950,23900,22700,22700,1623,-1.0893246187363834
2024-02-29,22700,23500,22400,22600,1110,-0.4405286343612335
2024-03-04,22600,23350,22600,22800,1639,0.8849557522123894
2024-03-05,22800,23000,22350,23000,1162,0.8771929824561403
2024-03-06,22900,23000,22500,23000,692,0.0
2024-03-07,22900,22900,22000,22200,1120,-3.4782608695652173
2024-03-08,22100,22400,21750,22200,2299,0.0
2024-03-11,22450,22550,21750,21850,871,-1.5765765765765765
2024-03-12,21850,22000,21500,21600,1057,-1.1441647597254003
2024-03-13,21700,22000,21450,21950,2217,1.6203703703703702
2024-03-14,22000,22400,22000,22250,340,1.366742596810934
2024-03-15,22250,22550,22200,22300,616,0.22471910112359553
2024-03-18,22300,23650,22300,22650,1011,1.5695067264573992
2024-03-19,23000,24200,22500,22550,2531,-0.44150110375275936
2024-03-20,22550,24100,22550,23150,1268,2.6607538802660753
2024-03-21,22950,23400,22650,23150,991,0.0
2024-03-22,23950,24100,22400,22500,3657,-2.8077753779697625
2024-03-25,22500,22650,21750,22450,3899,-0.2222222222222222
2024-03-26,22500,22850,21850,21850,1341,-2.6726057906458798
2024-03-27,22850,22850,22050,22650,248,3.6613272311212817
2024-03-28,22450,22600,21550,22100,512,-2.4282560706401766
2024-03-29,22100,22100,21650,21650,1185,-2.0361990950226243
2024-04-01,21600,21900,21450,21600,573,-0.23094688221709006
2024-04-02,21550,21750,21000,21150,1339,-2.083333333333333
2024-04-03,20750,21100,20450,20650,4304,-2.3640661938534278
2024-04-04,20550,20700,20500,20500,1668,-0.7263922518159807
2024-04-05,20500,20650,20250,20350,1542,-0.7317073170731708
2024-04-08,20350,20600,20250,20250,1057,-0.4914004914004914
2024-04-09,20250,20450,20200,20350,1194,0.49382716049382713
2024-04-11,20300,20500,20100,20350,666,0.0
2024-04-12,20250,21000,20250,20400,472,0.2457002457002457
2024-04-15,20450,20900,20050,20350,1574,-0.24509803921568626
2024-04-16,20350,21000,20050,21000,2283,3.194103194103194
2024-04-17,21000,21200,20300,20800,2039,-0.9523809523809524
2024-04-18,20550,20700,20250,20700,853,-0.4807692307692308
2024-04-19,20800,20900,19950,20300,2330,-1.932367149758454
2024-04-22,20300,20950,19800,20050,1032,-1.2315270935960592
2024-04-23,20400,20400,19960,20200,785,0.7481296758104738
2024-04-24,20200,20350,20000,20000,901,-0.9900990099009901
2024-04-25,20250,20450,19940,20200,1482,1.0
2024-04-26,20000,20300,19920,20150,1691,-0.24752475247524752
2024-04-29,20000,20550,20000,20350,424,0.9925558312655087
2024-04-30,20350,20350,20150,20350,528,0.0
2024-05-02,20150,20300,20100,20150,243,-0.9828009828009828
2024-05-03,20000,20450,20000,20250,1920,0.49627791563275436
2024-05-07,20550,20550,20200,20200,1058,-0.24691358024691357
2024-05-08,20400,20800,19950,20650,2215,2.2277227722772275
2024-05-09,21950,21950,20500,20500,311,-0.7263922518159807
2024-05-10,21000,21000,20300,20400,1185,-0.4878048780487805
2024-05-13,20400,20800,20400,20450,450,0.24509803921568626
2024-05-14,20450,21150,20450,20950,2325,2.444987775061125
2024-05-16,21050,21100,20650,20650,822,-1.431980906921241
2024-05-17,20650,21000,20600,20800,188,0.7263922518159807
2024-05-20,21600,21600,20500,20700,1859,-0.4807692307692308
2024-05-21,20700,21200,20350,21200,2840,2.4154589371980677
2024-05-22,21500,21500,20600,20600,2326,-2.8301886792452833
2024-05-23,20500,20950,20500,20950,1602,1.6990291262135921
2024-05-24,21850,21850,20800,21150,1056,0.9546539379474941
2024-05-27,21150,21450,21000,21150,710,0.0
2024-05-28,21150,21600,21050,21300,1231,0.7092198581560284
2024-05-29,21400,21400,20800,20950,783,-1.643192488262911
2024-05-30,20950,21250,20800,20950,1165,0.0
2024-05-31,20950,21200,20450,20550,2222,-1.9093078758949882
2024-06-03,21450,21450,20650,20700,1308,0.7299270072992701
2024-06-04,21850,21850,20600,20750,969,0.24154589371980675
2024-06-05,20750,21250,20700,20950,1704,0.9638554216867471
2024-06-07,21000,21200,20900,20900,166,-0.23866348448687352
2024-06-10,20950,21250,20800,20900,705,0.0
2024-06-11,21550,21550,20700,21000,1007,0.4784688995215311
2024-06-12,21000,21250,20700,20900,886,-0.4761904761904762
2024-06-13,20950,21200,20850,21000,592,0.4784688995215311
2024-06-14,21150,21300,20800,21000,1145,0.0
2024-06-17,20850,21350,20850,21050,950,0.2380952380952381
2024-06-18,20900,21350,20900,21100,642,0.23752969121140144
2024-06-19,21100,21400,21050,21250,661,0.7109004739336493
2024-06-20,21400,21400,21050,21150,635,-0.4705882352941176
2024-06-21,21200,21300,21000,21200,241,0.2364066193853428
2024-06-24,21150,22350,21150,21400,1546,0.9433962264150944
2024-06-25,21350,21400,21300,21350,339,-0.23364485981308408
2024-06-26,21350,21350,20850,21150,1799,-0.936768149882904
2024-06-27,21150,21150,20850,20950,586,-0.9456264775413712
2024-06-28,20950,21150,20800,21150,155,0.9546539379474941
2024-07-01,21150,21150,20850,20900,480,-1.1820330969267139
2024-07-02,20900,21150,20800,21150,551,1.1961722488038278
2024-07-03,20950,21200,20950,21150,686,0.0
2024-07-04,20950,21000,20850,21000,398,-0.7092198581560284
2024-07-05,20900,20950,20600,20900,595,-0.4761904761904762
2024-07-08,20700,20850,20600,20700,431,-0.9569377990430622
2024-07-09,20750,20750,20550,20700,401,0.0
2024-07-10,20600,21000,20550,20850,477,0.7246376811594203
2024-07-11,20850,21000,20700,20700,222,-0.7194244604316548
2024-07-12,20700,20900,20550,20800,525,0.4830917874396135
2024-07-15,20800,22000,20550,20900,643,0.4807692307692308
2024-07-16,20900,20900,20600,20900,739,0.0
2024-07-17,20900,21050,20600,20600,589,-1.4354066985645932
2024-07-18,20800,20800,20500,20750,665,0.7281553398058253
2024-07-19,20750,20750,20350,20700,1307,-0.24096385542168677
2024-07-22,20700,20850,20400,20500,717,-0.966183574879227
2024-07-23,20500,20600,20350,20400,187,-0.4878048780487805
2024-07-24,20400,20450,20350,20400,74,0.0
2024-07-25,20900,20900,20300,20300,428,-0.49019607843137253
2024-07-26,20500,20500,19800,20000,841,-1.477832512315271
2024-07-29,20000,20100,19940,20000,235,0.0
2024-07-30,20000,20250,19900,20150,161,0.75
2024-07-31,20150,20400,19980,20300,529,0.7444168734491315
2024-08-01,20450,20450,20000,20050,745,-1.2315270935960592
2024-08-02,19950,20150,19810,20000,155,-0.24937655860349126
2024-08-05,19990,20000,18720,18720,3371,-6.4
2024-08-06,18410,19840,18410,19840,662,5.982905982905983
2024-08-07,19580,19820,18650,19430,720,-2.066532258064516
2024-08-08,19350,19730,18890,19180,277,-1.2866700977869274
2024-08-09,19180,19390,18700,18910,1118,-1.407716371220021
2024-08-12,19990,19990,18910,19020,317,0.5817028027498677
2024-08-13,19020,19020,18560,18610,731,-2.155625657202944
2024-08-14,18730,19140,18730,19080,101,2.525523911875336
2024-08-16,19080,19470,18680,18910,739,-0.890985324947589
2024-08-19,18910,19200,18750,19050,1287,0.74034902168165
2024-08-20,18910,19240,18800,18800,266,-1.3123359580052494
2024-08-21,18800,18800,18600,18700,611,-0.5319148936170213
2024-08-22,18560,18650,18550,18610,390,-0.4812834224598931
2024-08-23,18610,18950,18610,18950,479,1.8269747447608813
2024-08-26,18950,20600,18570,18590,1771,-1.8997361477572559
2024-08-27,18590,19570,18500,18500,551,-0.48413125336202256
2024-08-28,18880,18880,18650,18690,1045,1.027027027027027
2024-08-29,18540,18690,18500,18520,510,-0.9095773140716961
2024-08-30,18520,19340,18520,19180,657,3.5637149028077757
2024-09-02,19180,19270,18930,18950,718,-1.1991657977059436
2024-09-03,19050,19050,18940,18940,542,-0.05277044854881266
2024-09-04,19400,19400,18930,18930,205,-0.05279831045406547
2024-09-05,18930,18930,18520,18540,1133,-2.0602218700475436
2024-09-06,18440,19200,18400,18430,1264,-0.593311758360302
2024-09-09,18410,19600,18410,18640,879,1.1394465545306565
2024-09-10,18560,18680,18250,18250,1159,-2.092274678111588
2024-09-11,18200,18390,17910,18120,1142,-0.7123287671232876
2024-09-12,18250,18900,18120,18120,375,0.0
2024-09-13,18130,18790,18120,18450,647,1.8211920529801324
2024-09-19,18450,19100,18450,18950,1118,2.710027100271003
2024-09-20,19090,19200,18950,19090,479,0.7387862796833773
2024-09-23,19090,19490,18950,19150,468,0.3143006809848088
2024-09-24,19550,19550,19150,19540,484,2.0365535248041775
2024-09-25,19380,19540,19100,19400,156,-0.7164790174002047
2024-09-26,19240,20100,18820,19600,910,1.0309278350515463
2024-09-27,19400,19600,19300,19420,626,-0.9183673469387756
2024-09-30,19420,19420,19280,19410,276,-0.051493305870236865
2024-10-02,19410,19410,18940,19170,660,-1.2364760432766615
2024-10-04,19110,20000,18870,20000,742,4.329681794470527
2024-10-07,20000,20000,19700,19700,668,-1.5
2024-10-08,19700,19700,19510,19640,351,-0.3045685279187817
2024-10-10,19440,19640,19440,19640,52,0.0
2024-10-11,19640,19640,19210,19640,461,0.0
2024-10-14,19640,19640,19300,19410,133,-1.1710794297352343
2024-10-15,19410,19850,19410,19740,157,1.7001545595054095
2024-10-16,19540,19970,19540,19720,350,-0.10131712259371835
2024-10-17,19440,20050,19350,19910,166,0.9634888438133874
2024-10-18,19630,19630,19350,19420,389,-2.4610748367654445
2024-10-21,19110,19520,19110,19350,342,-0.3604531410916581
2024-10-22,19040,19960,19040,19220,392,-0.6718346253229974
2024-10-23,19220,19900,19070,19530,141,1.6129032258064515
2024-10-24,19530,19950,19270,19940,124,2.0993343573988734
2024-10-25,19920,19920,19110,19500,1733,-2.206619859578736
2024-10-28,19300,19490,19020,19080,1554,-2.1538461538461537
2024-10-29,19080,19390,18930,19360,200,1.4675052410901468
2024-10-30,19360,19410,19020,19120,455,-1.2396694214876034
2024-10-31,19370,19380,19000,19340,163,1.1506276150627615
2024-11-01,19340,19440,19180,19200,234,-0.7238883143743536
2024-11-04,19200,19950,19020,19110,709,-0.46875
2024-11-05,19110,19490,19110,19160,413,0.2616431187859759
2024-11-06,19390,19930,19230,19250,394,0.46972860125260957
2024-11-07,19960,19960,19250,19590,485,1.7662337662337664
2024-11-08,19590,19590,19300,19550,163,-0.20418580908626852
2024-11-11,19550,19550,19210,19230,140,-1.6368286445012785
2024-11-12,19220,19220,18600,18680,294,-2.860114404576183
2024-11-13,18450,18680,18410,18650,402,-0.16059957173447537
2024-11-14,18650,19150,18440,18500,331,-0.8042895442359249
2024-11-15,18500,18500,18320,18490,745,-0.05405405405405406
2024-11-18,19450,19450,18210,18320,808,-0.9194159004867496
2024-11-19,18210,18380,18130,18310,524,-0.05458515283842794
2024-11-20,18110,18310,18110,18110,255,-1.0922992900054616
2024-11-21,18110,18660,17930,18010,428,-0.5521811154058531
2024-11-22,18260,19200,18250,18730,761,3.997779011660189
2024-11-25,19180,19180,18540,18880,525,0.800854244527496
2024-11-26,18880,19600,18350,18890,335,0.05296610169491525
2024-11-27,18660,18890,18400,18880,127,-0.05293806246691372
2024-11-28,18720,18880,18610,18860,49,-0.1059322033898305
2024-11-29,18680,18860,18500,18500,130,-1.9088016967126193
2024-12-02,18300,19500,18250,18860,674,1.9459459459459458
2024-12-03,18300,18850,18300,18510,376,-1.855779427359491
2024-12-04,18510,18510,18040,18450,358,-0.3241491085899514
2024-12-05,18430,18430,18060,18150,312,-1.6260162601626018
2024-12-06,18150,18160,17910,18150,649,0.0
2024-12-09,18150,18160,17180,17180,1204,-5.34435261707989
2024-12-10,17180,18010,16700,17810,1774,3.667054714784633
2024-12-11,17810,17910,17800,17820,322,0.05614823133071309
2024-12-12,17820,17980,17370,17920,195,0.5611672278338945
2024-12-13,17740,17920,17560,17610,554,-1.7299107142857144
2024-12-16,18500,19450,17800,18240,7486,3.577512776831346
2024-12-17,18490,18490,17870,17870,28390,-2.0285087719298245
2024-12-18,17890,18140,17710,17940,21414,0.391717963066592
2024-12-19,17940,18280,17810,18250,459,1.7279821627647716
2024-12-20,18250,18430,17720,17760,708,-2.684931506849315
2024-12-23,17760,18300,17400,17740,980,-0.11261261261261261
2024-12-24,18100,18430,17810,17970,9104,1.2965050732807215
2024-12-26,18100,19300,18100,18370,2968,2.225932109070673
2024-12-27,18400,18890,17910,18380,699,0.05443658138268917
2024-12-30,18390,19070,17910,18440,1698,0.3264417845484222
2025-01-02,18550,18860,18190,18200,772,-1.3015184381778742
2025-01-03,18370,18500,18020,18230,317,0.16483516483516483
2025-01-06,18900,18900,18020,18800,361,3.1267142073505214
2025-01-07,18800,19490,18610,19410,323,3.2446808510638294
2025-01-08,19130,19410,19110,19360,359,-0.2575991756826378
2025-01-09,19170,19350,18920,19090,161,-1.3946280991735538
2025-01-10,19080,19080,18700,18820,118,-1.4143530644316398
2025-01-13,18700,19490,18600,19120,342,1.5940488841657812
2025-01-14,19120,19350,18670,18670,260,-2.3535564853556483
2025-01-15,18670,18670,18500,18520,126,-0.8034279592929834
2025-01-16,18340,19000,18340,18410,305,-0.593952483801296
2025-01-17,18410,19130,17800,18150,2695,-1.4122759369907658
2025-01-20,18170,18170,18000,18000,1142,-0.8264462809917356
2025-01-21,18030,18600,18030,18600,144,3.3333333333333335
2025-01-22,18570,19050,18100,18790,674,1.021505376344086
2025-01-23,18790,18790,18250,18290,246,-2.6609898882384244
2025-01-24,18880,18880,17830,17830,1036,-2.5150355385456535
2025-01-31,17830,18480,17830,18480,275,3.645541222658441
2025-02-03,18340,18470,17920,18000,195,-2.5974025974025974
2025-02-04,18000,18630,18000,18530,79,2.944444444444444
2025-02-05,18530,18530,18250,18530,1585,0.0
2025-02-06,18520,18630,18300,18570,138,0.21586616297895306
2025-02-07,18510,18520,18370,18500,44,-0.3769520732364028
2025-02-10,18450,18600,18260,18290,166,-1.135135135135135
2025-02-11,18290,18870,18110,18310,895,0.10934937124111535
2025-02-12,18300,18550,18100,18130,563,-0.9830693610049154
2025-02-13,18130,18470,18130,18360,78,1.26861555432984
2025-02-14,18360,18360,18200,18250,114,-0.5991285403050108
2025-02-17,18250,18250,18060,18240,265,-0.0547945205479452
2025-02-18,18100,18960,18100,18190,511,-0.2741228070175438
2025-02-19,18190,18790,18190,18220,807,0.16492578339747113
2025-02-20,18400,18890,18110,18380,1579,0.8781558726673985
2025-02-21,18380,18890,18300,18610,488,1.251360174102285
2025-02-24,18610,18850,18450,18470,911,-0.7522837184309511
2025-02-25,18480,18950,18480,18600,528,0.7038440714672441
2025-02-26,18600,18950,18600,18880,826,1.5053763440860215
2025-02-27,19090,19090,18710,18900,1688,0.1059322033898305
2025-02-28,19100,19370,18840,18920,3029,0.10582010582010583
2025-03-04,19000,19460,19000,19080,3957,0.8456659619450317
2025-03-05,18960,19300,18960,19260,761,0.9433962264150944
2025-03-06,19250,19460,19130,19290,152,0.1557632398753894
2025-03-07,19240,19290,18900,19250,943,-0.20736132711249353
2025-03-10,19200,19490,19010,19390,340,0.7272727272727273
2025-03-11,19470,19500,19000,19410,2122,0.1031459515214028
2025-03-12,19370,19500,19140,19480,263,0.36063884595569295
2025-03-13,19490,19490,19090,19490,1385,0.051334702258726904
2025-03-14,19210,19570,19210,19520,421,0.1539250897896357
2025-03-17,19510,19510,19170,19500,339,-0.10245901639344263
2025-03-18,19500,19500,19210,19480,281,-0.10256410256410256
2025-03-19,19480,19480,19230,19250,154,-1.1806981519507187
2025-03-20,19130,19250,19010,19240,1104,-0.05194805194805195
2025-03-21,19120,19500,19040,19260,1220,0.10395010395010396
2025-03-24,19260,19500,19130,19490,808,1.1941848390446521
2025-03-25,19300,19510,19210,19490,655,0.0
2025-03-26,19490,19490,19210,19290,3272,-1.026167265264238
2025-03-27,19210,19320,19210,19270,3790,-0.10368066355624676
2025-03-28,19260,19270,18970,19010,178,-1.3492475350285418
2025-03-31,19020,19130,18980,18980,998,-0.15781167806417673
2025-04-01,19150,19200,18840,19060,1537,0.42149631190727077
2025-04-02,19200,19260,19110,19250,208,0.9968520461699895
2025-04-03,19200,19640,19200,19530,1710,1.4545454545454546
2025-04-04,19330,19920,19330,19500,1642,-0.15360983102918588
2025-04-07,19890,19890,18900,19090,2101,-2.1025641025641026
2025-04-08,19090,19670,19090,19190,1274,0.5238344683080147
2025-04-09,19190,19990,19190,19590,340,2.084418968212611
2025-04-10,20400,20400,19390,19530,2552,-0.3062787136294028
2025-04-11,19530,21450,19530,20950,16731,7.2708653353814645
2025-04-14,21500,21500,20950,21400,1883,2.1479713603818613
2025-04-15,21150,21650,20200,20600,1349,-3.7383177570093453
2025-04-16,22450,22450,20400,20700,2117,0.48543689320388345
2025-04-17,21300,21650,20900,21300,883,2.898550724637681
2025-04-18,22050,22050,21300,21800,602,2.3474178403755865
2025-04-21,21800,22350,21350,22200,1522,1.834862385321101
2025-04-22,22200,23000,22150,22950,2111,3.3783783783783785
2025-04-23,23000,25250,23000,24150,6185,5.228758169934641
2025-04-24,24200,24700,23650,24300,785,0.6211180124223602
2025-04-25,24300,25300,24300,24550,997,1.02880658436214
2025-04-28,24450,26900,24450,26800,5211,9.164969450101832
2025-04-29,26800,27750,25500,26050,3026,-2.798507462686567
2025-04-30,26050,26850,25600,25950,1381,-0.3838771593090211
2025-05-02,26100,26250,25450,26100,626,0.5780346820809248
2025-05-07,26100,26150,25450,25500,681,-2.2988505747126435
2025-05-08,25200,26000,23800,24700,1650,-3.1372549019607843
2025-05-09,24650,24750,24400,24700,340,0.0
2025-05-12,24700,25300,24000,25000,1190,1.214574898785425
2025-05-13,24750,25800,24250,24900,526,-0.4
2025-05-14,24900,25700,24600,24600,1679,-1.2048192771084338
2025-05-15,25000,25450,24400,25450,3582,3.4552845528455287
2025-05-16,25250,25600,23250,23400,3382,-8.055009823182711
2025-05-19,24400,24400,23300,23650,1266,1.0683760683760684
2025-05-20,24800,24800,23650,23950,304,1.2684989429175475
2025-05-21,24800,24800,23800,24000,1309,0.20876826722338201
2025-05-22,24000,24850,23600,24100,1953,0.4166666666666667
2025-05-23,24700,24700,24050,24100,1605,0.0
2025-05-26,24300,25300,24100,24300,7021,0.8298755186721992
2025-05-27,24300,24350,24100,24350,941,0.205761316872428
2025-05-28,24250,24900,24150,24600,4010,1.0266940451745379
2025-05-29,24900,26650,24900,26250,9369,6.707317073170732
2025-05-30,25950,27250,25950,26800,5420,2.0952380952380953
2025-06-02,27400,27400,25950,26250,3973,-2.0522388059701493
2025-06-04,26250,27750,26000,27200,3466,3.619047619047619
2025-06-05,27200,29000,27150,27350,3563,0.5514705882352942
2025-06-09,27700,32700,27700,31400,11778,14.80804387568556
2025-06-10,31400,31800,30000,30250,7421,-3.662420382165605
2025-06-11,30250,32700,29800,32000,4217,5.785123966942149
2025-06-12,32800,41600,32600,41600,24366,30.0
2025-06-13,48050,49600,37550,37550,104430,-9.735576923076923
2025-06-16,38450,48250,37900,42350,76575,12.78295605858855
2025-06-17,42700,42950,38700,40300,12721,-4.8406139315230226
2025-06-18,41000,41500,38200,39350,13162,-2.357320099255583
2025-06-19,39350,39350,37000,37650,10045,-4.320203303684879
2025-06-20,37650,37850,36700,36850,2917,-2.1248339973439574
2025-06-23,36400,37250,36000,36850,5885,0.0
2025-06-24,36700,39350,36200,38350,5340,4.07055630936228
2025-06-25,38400,38850,37300,38500,2608,0.3911342894393742
2025-06-26,38500,38500,36450,37500,1957,-2.5974025974025974
2025-06-27,37300,38800,37000,37800,2129,0.8
2025-06-30,37800,37900,35950,36950,3208,-2.2486772486772484
2025-07-01,36950,39800,36300,39550,8984,7.036535859269283
2025-07-02,39700,40150,37400,37900,9266,-4.171934260429835
2025-07-03,37900,40500,37100,39800,8664,5.013192612137203
2025-07-04,39800,39800,37150,37850,7487,-4.899497487437186
2025-07-07,37850,37850,36100,37050,3452,-2.1136063408190227
2025-07-08,37050,39100,35600,38950,9512,5.128205128205128
2025-07-09,39650,45850,39650,44650,55143,14.634146341463413
2025-07-10,44400,44400,41500,42850,15382,-4.031354983202688
2025-07-11,43350,46500,42850,44500,19158,3.8506417736289387
2025-07-14,45400,45850,43800,44000,7528,-1.1235955056179776
2025-07-15,44600,44600,42550,42550,4554,-3.295454545454545
2025-07-16,43950,44050,41050,42000,4719,-1.2925969447708578
2025-07-17,42350,42350,39550,39550,11076,-5.833333333333333
2025-07-18,40050,40050,36100,37200,12460,-5.941845764854614
2025-07-21,37200,37950,36400,37350,2394,0.4032258064516129
2025-07-22,37850,40200,36550,37250,9512,-0.2677376171352075
2025-07-23,37250,38100,36000,36350,10631,-2.4161073825503356
2025-07-24,36400,37400,35700,36100,4493,-0.6877579092159559
2025-07-25,35850,36650,35250,35850,2443,-0.6925207756232686
2025-07-28,36550,36550,34000,34000,9127,-5.160390516039052
2025-07-29,33900,35300,33500,34750,3315,2.2058823529411766
2025-07-30,34700,34700,33500,33800,2126,-2.7338129496402876
2025-07-31,33650,34400,33350,34100,1472,0.8875739644970414
2025-08-01,33850,33850,31850,32950,4478,-3.3724340175953076
2025-08-04,32850,32850,31850,32200,1387,-2.2761760242792106
2025-08-05,32200,33000,32000,32550,1359,1.0869565217391304
2025-08-06,33500,33500,32200,32950,2175,1.228878648233487
2025-08-07,33500,33500,32350,33150,1297,0.6069802731411229
2025-08-08,33000,33250,32700,33000,1084,-0.4524886877828055
2025-08-11,33000,33300,32200,32350,2231,-1.9696969696969695
2025-08-12,32400,33850,32400,32850,1144,1.545595054095827
2025-08-13,32850,33550,31200,31800,3235,-3.1963470319634704
2025-08-14,32450,32600,31500,31550,2832,-0.7861635220125787
2025-08-18,32250,32250,31000,31500,2496,-0.15847860538827258
2025-08-19,31200,31250,30100,30550,4203,-3.015873015873016
2025-08-20,30400,31500,29350,29850,3980,-2.2913256955810146
2025-08-21,29850,30700,29850,30050,920,0.6700167504187605
2025-08-22,30750,32000,30500,30700,1937,2.1630615640599005
2025-08-25,31950,31950,30800,31350,633,2.1172638436482085
2025-08-26,31350,31400,30200,30850,1006,-1.5948963317384368
2025-08-27,30850,32850,30850,31000,611,0.48622366288492713
2025-08-28,31350,32750,31100,32350,1967,4.354838709677419
2025-08-29,32850,32950,32000,32750,626,1.2364760432766615
2025-09-01,33200,33200,31700,32000,1229,-2.2900763358778624
2025-09-02,31650,33400,31650,32950,2448,2.96875
2025-09-03,33000,33300,32700,33000,599,0.15174506828528073
2025-09-04,32600,33450,32600,32650,352,-1.0606060606060608
2025-09-05,32500,33250,32100,32600,1404,-0.1531393568147014
2025-09-08,32350,33250,32300,32900,562,0.9202453987730062
2025-09-09,32700,33500,32650,33300,1311,1.21580547112462
2025-09-10,33600,33600,33000,33000,1034,-0.9009009009009009
2025-09-11,33650,33650,32600,33400,1533,1.2121212121212122
2025-09-12,33150,33550,32950,33150,1437,-0.7485029940119761
2025-09-15,33150,34250,33150,34200,1974,3.167420814479638
2025-09-16,34350,35650,34100,35600,2159,4.093567251461988
2025-09-17,35600,37900,34700,37800,4329,6.179775280898876
2025-09-18,38250,39950,37800,39200,3882,3.7037037037037033
2025-09-19,39450,40000,39100,39750,4195,1.403061224489796
2025-09-22,40100,40100,38500,39500,2182,-0.628930817610063
2025-09-23,39400,39400,37750,38700,2166,-2.0253164556962027
2025-09-24,38700,38700,37400,38100,1750,-1.550387596899225
2025-09-25,38100,38100,37500,38000,732,-0.26246719160104987
2025-09-26,37800,38250,37400,37800,1388,-0.5263157894736842
2025-09-29,38000,38750,37700,37800,1271,0.0
2025-09-30,38000,38000,36200,36500,1820,-3.439153439153439
2025-10-01,36100,36500,35400,35900,1580,-1.643835616438356
2025-10-02,35800,36450,35450,35700,1839,-0.5571030640668524
2025-10-10,36800,36800,34700,35400,1219,-0.8403361344537815
2025-10-13,35600,36550,34550,34650,806,-2.11864406779661
2025-10-14,34650,35200,34300,34300,930,-1.0101010101010102
2025-10-15,34300,36300,34300,35400,974,3.206997084548105
2025-10-16,35400,36600,35400,36400,776,2.824858757062147
2025-10-17,36500,36550,34800,35350,1260,-2.8846153846153846
2025-10-20,36500,36500,34500,34750,1082,-1.6973125884016973
2025-10-21,36400,36400,33350,33650,2670,-3.1654676258992804
2025-10-22,33650,34400,33600,34350,401,2.080237741456166
2025-10-23,35000,35000,32900,33200,922,-3.3478893740902476
2025-10-24,33500,43150,31900,32400,138024,-2.4096385542168677
2025-10-27,32500,33250,32150,32600,5457,0.6172839506172839
2025-10-28,32600,33150,32300,32500,3493,-0.3067484662576687
2025-10-29,32950,32950,32200,32650,1765,0.46153846153846156
2025-10-30,32650,33150,32550,32600,2463,-0.1531393568147014
2025-10-31,32600,33900,32550,33350,2622,2.3006134969325154
2025-11-03,32950,33900,32850,33550,2387,0.5997001499250375
2025-11-04,33550,33950,32250,33500,2364,-0.14903129657228018
2025-11-05,34250,34250,32700,32800,968,-2.0895522388059704
2025-11-06,32800,34450,32800,34200,1624,4.2682926829268295
2025-11-07,33550,34150,33250,34050,1221,-0.43859649122807015
2025-11-10,33850,35550,33850,34950,2409,2.643171806167401
2025-11-11,35150,35250,34050,34300,1945,-1.859799713876967
